collection_id,bin_id,truck_id,collection_timestamp,fill_level_at_collection_pct,waste_collected_kg,collection_status,emergency_collection,route_date,route_id
C0000001,B0001,T04,2025-08-06 11:00:00,69.38809027529594,354.08320687225245,Completed,0,2025-08-06,RTE000178
C0000002,B0001,T04,2025-08-13 11:00:00,44.01723811862423,204.62022878760533,Completed,0,2025-08-13,RTE000182
C0000003,B0001,T09,2025-08-20 11:00:00,43.81721602696989,207.72142836546635,Completed,0,2025-08-20,RTE000629
C0000004,B0001,T04,2025-09-08 13:00:00,103.94037221379233,483.25356973216617,Completed,1,2025-09-08,RTE000192
C0000005,B0001,T04,2025-09-10 11:00:00,27.46504983980751,114.7229040830044,Completed,0,2025-09-10,RTE000194
C0000006,B0001,T04,2025-09-17 11:00:00,46.57324942585601,226.7539743466109,Completed,0,2025-09-17,RTE000198
C0000007,B0001,T04,2025-09-24 11:00:00,43.92802553951021,212.2058816381699,Completed,0,2025-09-24,RTE000201
C0000008,B0001,T04,2025-10-01 11:00:00,45.575717241800994,168.38124065519816,Completed,0,2025-10-01,RTE000204
C0000009,B0001,T09,2025-10-08 11:00:00,52.577720514080305,248.8116535626572,Completed,0,2025-10-08,RTE000655
C0000010,B0001,T04,2025-10-15 11:00:00,46.92796748967534,204.26371501940605,Completed,0,2025-10-15,RTE000211
C0000011,B0001,T04,2025-10-22 11:00:00,46.85868940808289,178.63396620013302,Completed,0,2025-10-22,RTE000216
C0000012,B0001,T04,2025-10-29 11:00:00,55.078633910314025,254.7825629711661,Completed,0,2025-10-29,RTE000219
C0000013,B0001,T04,2025-11-12 11:00:00,91.66054811761728,472.49555482493497,Completed,0,2025-11-12,RTE000226
C0000014,B0001,T04,2025-11-19 11:00:00,45.00758025343904,210.8387695646231,Completed,0,2025-11-19,RTE000232
C0000015,B0001,T04,2025-11-26 11:00:00,48.03976197096866,212.44282738864277,Completed,0,2025-11-26,RTE000238
C0000016,B0001,T04,2025-12-03 11:00:00,51.977056523134245,266.3057947343311,Completed,0,2025-12-03,RTE000243
C0000017,B0001,T09,2025-12-10 11:00:00,46.69776730898222,199.5598394431342,Completed,0,2025-12-10,RTE000686
C0000018,B0001,T04,2025-12-24 11:00:00,97.21140797869027,507.60385425569325,Completed,0,2025-12-24,RTE000253
C0000019,B0001,T09,2025-12-31 11:00:00,41.7302153193534,180.9227636098677,Completed,0,2025-12-31,RTE000696
C0000020,B0001,T09,2026-01-07 11:00:00,43.667269001746185,183.23680993194478,Completed,0,2026-01-07,RTE000698
C0000021,B0001,T04,2026-01-14 11:00:00,49.133709816713115,227.51536781412116,Completed,0,2026-01-14,RTE000268
C0000022,B0001,T04,2026-01-21 11:00:00,46.42221243645733,210.16019067884005,Completed,0,2026-01-21,RTE000272
C0000023,B0001,T09,2026-01-28 11:00:00,43.117457087110054,184.88715583811756,Completed,0,2026-01-28,RTE000709
C0000024,B0001,T09,2026-02-04 11:00:00,48.15945770494767,219.23029577593277,Completed,0,2026-02-04,RTE000714
C0000025,B0001,T09,2026-02-11 11:00:00,47.934111323391804,207.147536419776,Completed,0,2026-02-11,RTE000718
C0000026,B0001,T04,2026-02-27 11:00:00,104.33752773603831,483.04605499776517,Completed,1,2026-02-27,RTE000288
C0000027,B0001,T04,2026-03-04 11:00:00,39.68469022574877,160.85139535031527,Completed,0,2026-03-04,RTE000291
C0000028,B0001,T09,2026-03-11 11:00:00,50.87639582540117,257.8143461952483,Completed,0,2026-03-11,RTE000734
C0000029,B0001,T04,2026-03-27 17:00:00,103.1132502829154,462.19582220743433,Completed,1,2026-03-27,RTE000301
C0000030,B0001,T04,2026-04-01 11:00:00,39.21269846251293,191.189451397862,Completed,0,2026-04-01,RTE000304
C0000031,B0001,T09,2026-04-15 11:00:00,83.50569882585643,422.1131602056039,Completed,0,2026-04-15,RTE000752
C0000032,B0001,T04,2026-04-22 11:00:00,46.70115974766515,201.0223517848752,Completed,0,2026-04-22,RTE000315
C0000033,B0001,T09,2026-04-29 11:00:00,52.25723743854933,227.37515483982799,Completed,0,2026-04-29,RTE000760
C0000034,B0001,T09,2026-05-13 11:00:00,91.39892632538799,471.1206459064566,Completed,0,2026-05-13,RTE000768
C0000035,B0001,T09,2026-05-20 11:00:00,46.6167328254015,219.08145162021466,Completed,0,2026-05-20,RTE000772
C0000036,B0001,T04,2026-06-03 11:00:00,90.8762772142375,452.7111557799556,Completed,0,2026-06-03,RTE000331
C0000037,B0001,T09,2026-06-10 11:00:00,48.714289034036725,213.04459137505356,Completed,0,2026-06-10,RTE000783
C0000038,B0001,T04,2026-06-17 11:00:00,46.685765318030086,226.05613176882298,Completed,0,2026-06-17,RTE000337
C0000039,B0001,T09,2026-06-24 11:00:00,46.34322103141636,230.37918797030935,Completed,0,2026-06-24,RTE000793
C0000040,B0001,T04,2026-07-01 11:00:00,45.61235858626777,220.1419564981445,Completed,0,2026-07-01,RTE000344
C0000041,B0001,T09,2026-07-15 11:00:00,83.65313115510588,407.49422639431276,Completed,0,2026-07-15,RTE000805
C0000042,B0001,T09,2026-07-22 11:00:00,49.45441844442014,218.9557531905477,Completed,0,2026-07-22,RTE000809
C0000043,B0001,T04,2026-07-29 11:00:00,50.63341949461842,221.37990418947965,Completed,0,2026-07-29,RTE000357
C0000044,B0002,T05,2025-08-08 10:00:00,89.84682423707864,323.97294824908124,Completed,0,2025-08-08,RTE000360
C0000045,B0002,T05,2025-08-15 10:00:00,74.31333894678752,269.2794190374174,Completed,0,2025-08-15,RTE000361
C0000046,B0002,T05,2025-08-22 10:00:00,73.8937666251278,257.81166672627756,Completed,0,2025-08-22,RTE000364
C0000047,B0002,T10,2025-08-29 10:00:00,78.59421464210217,281.5171291852904,Completed,0,2025-08-29,RTE000816
C0000048,B0002,T05,2025-09-05 10:00:00,73.92706343591595,251.04388124565267,Completed,0,2025-09-05,RTE000368
C0000049,B0002,T05,2025-09-12 10:00:00,78.09166407226391,256.2425753830478,Completed,0,2025-09-12,RTE000371
C0000050,B0002,T05,2025-09-21 21:00:00,103.8309656044234,372.3506360547448,Completed,1,2025-09-21,RTE000375
C0000051,B0002,T10,2025-10-01 19:00:00,103.23387802659916,369.63431281581484,Completed,1,2025-10-01,RTE000819
C0000052,B0002,T10,2025-10-03 10:00:00,21.099813752332295,43.71143446856854,Completed,0,2025-10-03,RTE000820
C0000053,B0002,T10,2025-10-10 10:00:00,82.39251939920935,299.11221691907133,Completed,0,2025-10-10,RTE000822
C0000054,B0002,T10,2025-10-17 10:00:00,73.59043139764427,265.5879525431607,Completed,0,2025-10-17,RTE000824
C0000055,B0002,T05,2025-10-24 10:00:00,75.62009433488336,256.9824683920624,Completed,0,2025-10-24,RTE000382
C0000056,B0002,T10,2025-10-31 10:00:00,78.53461293393626,262.4477981107078,Completed,0,2025-10-31,RTE000827
C0000057,B0002,T10,2025-11-07 10:00:00,82.13140412644748,287.92231781177213,Completed,0,2025-11-07,RTE000829
C0000058,B0002,T05,2025-11-14 10:00:00,78.78580301469272,284.1800362263371,Completed,0,2025-11-14,RTE000384
C0000059,B0002,T10,2025-11-21 10:00:00,75.85091180496912,269.45726313645156,Completed,0,2025-11-21,RTE000833
C0000060,B0002,T05,2025-11-28 10:00:00,77.26239690650888,264.9303061196028,Completed,0,2025-11-28,RTE000387
C0000061,B0002,T05,2025-12-07 08:00:00,103.86421358403422,368.3237170264495,Completed,1,2025-12-07,RTE000390
C0000062,B0002,T05,2025-12-12 10:00:00,59.760050711517955,186.22745820193106,Completed,0,2025-12-12,RTE000392
C0000063,B0002,T05,2025-12-19 10:00:00,86.76241411945048,313.2186789683376,Completed,0,2025-12-19,RTE000394
C0000064,B0002,T10,2025-12-26 10:00:00,82.31473533093167,270.7763342111376,Completed,0,2025-12-26,RTE000838
C0000065,B0002,T10,2026-01-02 10:00:00,86.20441933990026,302.377521507884,Completed,0,2026-01-02,RTE000839
C0000066,B0002,T10,2026-01-09 10:00:00,73.88194049398976,265.37538832253415,Completed,0,2026-01-09,RTE000841
C0000067,B0002,T05,2026-01-16 10:00:00,71.7041275064175,257.0776359239492,Completed,0,2026-01-16,RTE000399
C0000068,B0002,T10,2026-01-23 10:00:00,71.3987421932585,236.27795466042278,Completed,0,2026-01-23,RTE000844
C0000069,B0002,T05,2026-01-30 10:00:00,77.75250476990787,283.2094752985652,Completed,0,2026-01-30,RTE000402
C0000070,B0002,T05,2026-02-06 10:00:00,70.22165068893005,245.17633772259876,Completed,0,2026-02-06,RTE000405
C0000071,B0002,T05,2026-02-16 05:00:00,103.22410861877675,369.17415840569566,Completed,1,2026-02-16,RTE000407
C0000072,B0002,T10,2026-02-26 04:00:00,103.16478395043696,359.7818499038416,Completed,1,2026-02-26,RTE000848
C0000073,B0002,T10,2026-02-27 10:00:00,19.261475774693075,43.26196614058958,Completed,0,2026-02-27,RTE000849
C0000074,B0002,T10,2026-03-08 19:00:00,103.60986627427549,357.2314195517246,Completed,1,2026-03-08,RTE000851
C0000075,B0002,T05,2026-03-13 10:00:00,54.84640580965048,183.43058797433142,Completed,0,2026-03-13,RTE000411
C0000076,B0002,T05,2026-03-20 10:00:00,75.84162785848191,257.71094834643014,Completed,0,2026-03-20,RTE000413
C0000077,B0002,T10,2026-03-29 20:00:00,103.87958579296055,365.0446286733558,Completed,1,2026-03-29,RTE000854
C0000078,B0002,T05,2026-04-03 10:00:00,52.143225832282006,164.8729668100174,Completed,0,2026-04-03,RTE000417
C0000079,B0002,T10,2026-04-10 10:00:00,80.80413943703695,279.6624160687187,Completed,0,2026-04-10,RTE000856
C0000080,B0002,T10,2026-04-17 10:00:00,80.8990976971374,265.9980271455071,Completed,0,2026-04-17,RTE000859
C0000081,B0002,T10,2026-04-24 10:00:00,83.4018905246513,279.9990464157461,Completed,0,2026-04-24,RTE000862
C0000082,B0002,T05,2026-05-03 07:00:00,103.76381835174536,378.08491743188773,Completed,1,2026-05-03,RTE000421
C0000083,B0002,T10,2026-05-08 10:00:00,56.54040063513261,185.35586464438924,Completed,0,2026-05-08,RTE000864
C0000084,B0002,T05,2026-05-15 10:00:00,81.60896499965514,283.9590327411833,Completed,0,2026-05-15,RTE000423
C0000085,B0002,T05,2026-05-24 13:00:00,104.10921973849085,352.66897154384907,Completed,1,2026-05-24,RTE000426
C0000086,B0002,T10,2026-05-29 10:00:00,61.33711270050096,207.4827055991589,Completed,0,2026-05-29,RTE000869
C0000087,B0002,T10,2026-06-05 10:00:00,79.72410817319594,281.9921331582367,Completed,0,2026-06-05,RTE000870
C0000088,B0002,T10,2026-06-12 10:00:00,78.3677054632379,257.1925869756631,Completed,0,2026-06-12,RTE000871
C0000089,B0002,T10,2026-06-21 03:00:00,103.35708160616205,359.2311015759979,Completed,1,2026-06-21,RTE000874
C0000090,B0002,T05,2026-06-26 10:00:00,61.5838120256511,202.58091516404076,Completed,0,2026-06-26,RTE000432
C0000091,B0002,T05,2026-07-03 10:00:00,80.65058479892775,284.70017234974534,Completed,0,2026-07-03,RTE000435
C0000092,B0002,T10,2026-07-12 20:00:00,103.6721230220586,358.78999313637433,Completed,1,2026-07-12,RTE000875
C0000093,B0002,T05,2026-07-22 03:00:00,103.24346359125416,358.1517126921714,Completed,1,2026-07-22,RTE000440
C0000094,B0002,T05,2026-07-24 10:00:00,31.263552797713203,105.63428567390847,Completed,0,2026-07-24,RTE000441
C0000095,B0003,T03,2025-08-05 12:00:00,60.2845236149509,266.54000824787624,Completed,0,2025-08-05,RTE000120
C0000096,B0003,T03,2025-08-12 12:00:00,67.93603558044265,342.11493184470834,Completed,0,2025-08-12,RTE000121
C0000097,B0003,T03,2025-08-19 12:00:00,62.52209138512984,295.68469698899133,Completed,0,2025-08-19,RTE000123
C0000098,B0003,T08,2025-08-26 12:00:00,64.00633439803963,307.98839913876765,Completed,0,2025-08-26,RTE000570
C0000099,B0003,T03,2025-09-02 12:00:00,65.53652417231396,323.90132213955854,Completed,0,2025-09-02,RTE000125
C0000100,B0003,T08,2025-09-09 12:00:00,62.68720093763509,286.835447788345,Completed,0,2025-09-09,RTE000573
C0000101,B0003,T08,2025-09-20 14:00:00,103.28022239026173,493.15718966929956,Completed,1,2025-09-20,RTE000575
C0000102,B0003,T08,2025-09-30 12:00:00,88.1670451509534,439.03485488026104,Completed,0,2025-09-30,RTE000577
C0000103,B0003,T08,2025-10-11 17:00:00,103.26793798900005,519.9788617679467,Completed,1,2025-10-11,RTE000579
C0000104,B0003,T03,2025-10-21 12:00:00,84.75300487921322,411.1557596420693,Completed,0,2025-10-21,RTE000128
C0000105,B0003,T03,2025-11-01 14:00:00,104.37175232958313,500.21701133362575,Completed,1,2025-11-01,RTE000130
C0000106,B0003,T08,2025-11-04 12:00:00,31.0506882928744,124.65976308829624,Completed,0,2025-11-04,RTE000582
C0000107,B0003,T08,2025-11-15 00:00:00,103.53544171498261,516.1247644003383,Completed,1,2025-11-15,RTE000585
C0000108,B0003,T03,2025-11-18 12:00:00,30.494184045464127,117.68644664202901,Completed,0,2025-11-18,RTE000131
C0000109,B0003,T08,2025-11-29 00:00:00,103.74490130137512,530.053246698698,Completed,1,2025-11-29,RTE000587
C0000110,B0003,T08,2025-12-02 12:00:00,28.583936726801063,100.18995206075148,Completed,0,2025-12-02,RTE000588
C0000111,B0003,T03,2025-12-09 12:00:00,72.15059165303846,326.4969113227817,Completed,0,2025-12-09,RTE000133
C0000112,B0003,T08,2025-12-19 11:00:00,103.34813621578512,491.75768451012686,Completed,1,2025-12-19,RTE000591
C0000113,B0003,T03,2025-12-23 12:00:00,41.6784544487636,178.42133687645295,Completed,0,2025-12-23,RTE000136
C0000114,B0003,T08,2025-12-30 12:00:00,72.63559586494469,338.306617855025,Completed,0,2025-12-30,RTE000593
C0000115,B0003,T03,2026-01-06 12:00:00,68.10937993403408,311.0672198394899,Completed,0,2026-01-06,RTE000139
C0000116,B0003,T03,2026-01-17 18:00:00,103.1459228858702,525.3895044604865,Completed,1,2026-01-17,RTE000142
C0000117,B0003,T08,2026-01-20 12:00:00,22.393515226042872,76.10966958175455,Completed,0,2026-01-20,RTE000595
C0000118,B0003,T03,2026-01-27 12:00:00,67.1667025401243,302.6205112219251,Completed,0,2026-01-27,RTE000144
C0000119,B0003,T03,2026-02-03 12:00:00,66.50229969019216,334.1396328529017,Completed,0,2026-02-03,RTE000146
C0000120,B0003,T08,2026-02-10 12:00:00,60.01177679032631,289.9115284038371,Completed,0,2026-02-10,RTE000596
C0000121,B0003,T03,2026-02-17 12:00:00,62.24056035677531,269.83873212420093,Completed,0,2026-02-17,RTE000149
C0000122,B0003,T03,2026-02-24 12:00:00,68.344018469504,323.73789213431183,Completed,0,2026-02-24,RTE000150
C0000123,B0003,T08,2026-03-03 12:00:00,64.25618606341878,318.27045857413526,Completed,0,2026-03-03,RTE000598
C0000124,B0003,T08,2026-03-10 12:00:00,62.57768796429044,302.14411861779047,Completed,0,2026-03-10,RTE000600
C0000125,B0003,T03,2026-03-17 12:00:00,63.68172808047801,291.4684587161543,Completed,0,2026-03-17,RTE000152
C0000126,B0003,T03,2026-03-24 12:00:00,66.44268448048965,319.39388583129016,Completed,0,2026-03-24,RTE000154
C0000127,B0003,T08,2026-03-31 12:00:00,64.51907546450964,286.0616786666457,Completed,0,2026-03-31,RTE000603
C0000128,B0003,T08,2026-04-07 12:00:00,70.53078994045579,330.75566943442055,Completed,0,2026-04-07,RTE000605
C0000129,B0003,T03,2026-04-14 12:00:00,68.5038592121411,333.38097794237854,Completed,0,2026-04-14,RTE000155
C0000130,B0003,T03,2026-04-21 12:00:00,64.96031792189346,306.7972285247272,Completed,0,2026-04-21,RTE000157
C0000131,B0003,T03,2026-04-28 12:00:00,67.21512097956303,302.537984651385,Completed,0,2026-04-28,RTE000159
C0000132,B0003,T03,2026-05-08 15:00:00,103.31388171745384,495.2330529913124,Completed,1,2026-05-08,RTE000162
C0000133,B0003,T03,2026-05-12 12:00:00,38.694693130306845,156.9955626485277,Completed,0,2026-05-12,RTE000163
C0000134,B0003,T08,2026-05-19 12:00:00,69.82345061481838,353.2358231258902,Completed,0,2026-05-19,RTE000608
C0000135,B0003,T03,2026-05-26 12:00:00,64.16035111138446,288.44812579207075,Completed,0,2026-05-26,RTE000165
C0000136,B0003,T03,2026-06-02 12:00:00,69.15160490094023,339.5267940609375,Completed,0,2026-06-02,RTE000167
C0000137,B0003,T03,2026-06-09 12:00:00,64.75000542737922,310.4490857463103,Completed,0,2026-06-09,RTE000168
C0000138,B0003,T08,2026-06-16 12:00:00,68.20675670812992,323.9117529582593,Completed,0,2026-06-16,RTE000610
C0000139,B0003,T03,2026-06-23 12:00:00,67.19891374023106,325.30525623046873,Completed,0,2026-06-23,RTE000171
C0000140,B0003,T08,2026-06-30 12:00:00,66.79434673871842,334.45736930873755,Completed,0,2026-06-30,RTE000612
C0000141,B0003,T08,2026-07-07 12:00:00,62.68298864726366,242.5818987091788,Completed,0,2026-07-07,RTE000614
C0000142,B0003,T03,2026-07-14 12:00:00,77.82298197019323,368.1085186463284,Completed,0,2026-07-14,RTE000173
C0000143,B0003,T03,2026-07-21 12:00:00,66.17086251181377,333.20580700395544,Completed,0,2026-07-21,RTE000174
C0000144,B0003,T08,2026-07-28 12:00:00,62.35584314801229,266.362346190406,Completed,0,2026-07-28,RTE000618
C0000145,B0004,T09,2025-08-09 21:00:00,103.20653482023943,778.850264948781,Completed,1,2025-08-09,RTE000623
C0000146,B0004,T09,2025-08-14 16:00:00,36.756860265271406,234.0071911269475,Completed,0,2025-08-14,RTE000627
C0000147,B0004,T09,2025-08-21 16:00:00,50.826798191343435,366.74648035642815,Completed,0,2025-08-21,RTE000630
C0000148,B0004,T09,2025-08-28 16:00:00,48.995845123160045,359.1187487569534,Completed,0,2025-08-28,RTE000634
C0000149,B0004,T04,2025-09-04 16:00:00,47.18329664507547,354.4868707078189,Completed,0,2025-09-04,RTE000191
C0000150,B0004,T04,2025-09-11 16:00:00,47.40004595918762,310.40801760872273,Completed,0,2025-09-11,RTE000195
C0000151,B0004,T04,2025-09-18 16:00:00,51.1636327328017,389.0199015068046,Completed,0,2025-09-18,RTE000199
C0000152,B0004,T04,2025-10-02 16:00:00,89.17507158763622,639.9352048637094,Completed,0,2025-10-02,RTE000205
C0000153,B0004,T09,2025-10-17 13:00:00,103.0536234274413,756.7361352432733,Completed,1,2025-10-17,RTE000659
C0000154,B0004,T04,2025-10-23 16:00:00,47.32860624920664,347.4541663155003,Completed,0,2025-10-23,RTE000217
C0000155,B0004,T04,2025-11-08 10:00:00,103.45100445378819,765.0725906012739,Completed,1,2025-11-08,RTE000225
C0000156,B0004,T04,2025-11-24 03:00:00,103.54466313514949,789.2773336783495,Completed,1,2025-11-24,RTE000236
C0000157,B0004,T04,2025-11-27 16:00:00,33.55862099604273,234.25057311273812,Completed,0,2025-11-27,RTE000239
C0000158,B0004,T04,2025-12-04 16:00:00,50.93572507916979,358.7289214323739,Completed,0,2025-12-04,RTE000244
C0000159,B0004,T04,2025-12-11 16:00:00,52.807577663094165,369.58549912666626,Completed,0,2025-12-11,RTE000247
C0000160,B0004,T04,2025-12-18 16:00:00,53.28792740421275,380.04255213701106,Completed,0,2025-12-18,RTE000250
C0000161,B0004,T04,2025-12-25 16:00:00,52.705877299913304,394.6551479550401,Completed,0,2025-12-25,RTE000254
C0000162,B0004,T04,2026-01-01 16:00:00,50.35993495449092,363.62344938235776,Completed,0,2026-01-01,RTE000260
C0000163,B0004,T09,2026-01-08 16:00:00,47.52055242155379,302.27209612498484,Completed,0,2026-01-08,RTE000699
C0000164,B0004,T04,2026-01-15 16:00:00,51.23347922022007,365.8901204445541,Completed,0,2026-01-15,RTE000269
C0000165,B0004,T04,2026-01-22 16:00:00,47.713234789111375,312.36982682590326,Completed,0,2026-01-22,RTE000273
C0000166,B0004,T09,2026-01-29 16:00:00,51.26062453073167,344.4613214988333,Completed,0,2026-01-29,RTE000710
C0000167,B0004,T09,2026-02-05 16:00:00,50.576281709302904,333.19702219480297,Completed,0,2026-02-05,RTE000715
C0000168,B0004,T04,2026-02-12 16:00:00,51.06361508703151,351.96382662658453,Completed,0,2026-02-12,RTE000280
C0000169,B0004,T04,2026-02-19 16:00:00,50.3441468587429,356.4990466868131,Completed,0,2026-02-19,RTE000284
C0000170,B0004,T09,2026-02-26 16:00:00,48.62108146020224,326.32896726857456,Completed,0,2026-02-26,RTE000727
C0000171,B0004,T04,2026-03-05 16:00:00,51.3134455096863,392.5557314771576,Completed,0,2026-03-05,RTE000292
C0000172,B0004,T09,2026-03-12 16:00:00,45.75331095834659,297.9285413102549,Completed,0,2026-03-12,RTE000735
C0000173,B0004,T09,2026-03-19 16:00:00,51.894321614525886,367.00993726688677,Completed,0,2026-03-19,RTE000739
C0000174,B0004,T04,2026-03-26 16:00:00,49.6150876729219,322.8069223563057,Completed,0,2026-03-26,RTE000300
C0000175,B0004,T04,2026-04-02 16:00:00,53.03127584881208,381.8972590939713,Completed,0,2026-04-02,RTE000305
C0000176,B0004,T04,2026-04-09 16:00:00,50.36384355870742,324.9501914709411,Completed,0,2026-04-09,RTE000307
C0000177,B0004,T09,2026-04-23 16:00:00,99.91710380837405,719.9522332773197,Completed,0,2026-04-23,RTE000756
C0000178,B0004,T09,2026-04-30 16:00:00,55.02662467592685,367.80499101589,Completed,0,2026-04-30,RTE000761
C0000179,B0004,T09,2026-05-07 16:00:00,54.99257005038511,368.59939097977644,Completed,0,2026-05-07,RTE000765
C0000180,B0004,T09,2026-05-14 16:00:00,54.0989240445446,401.91721120627585,Completed,0,2026-05-14,RTE000769
C0000181,B0004,T09,2026-05-28 16:00:00,94.89031055933516,719.968856323229,Completed,0,2026-05-28,RTE000778
C0000182,B0004,T04,2026-06-11 16:00:00,95.5474680615836,743.4110706458408,Completed,0,2026-06-11,RTE000335
C0000183,B0004,T04,2026-06-18 16:00:00,48.271822438015185,322.81399736965994,Completed,0,2026-06-18,RTE000338
C0000184,B0004,T04,2026-06-25 16:00:00,53.095486382196654,404.9131321651381,Completed,0,2026-06-25,RTE000341
C0000185,B0004,T09,2026-07-02 16:00:00,47.49223329841348,314.7494647227338,Completed,0,2026-07-02,RTE000798
C0000186,B0004,T09,2026-07-16 16:00:00,96.70146642716033,720.2623447050537,Completed,0,2026-07-16,RTE000806
C0000187,B0004,T04,2026-07-30 16:00:00,95.44578299778483,698.1923038006864,Completed,0,2026-07-30,RTE000358
C0000188,B0005,T04,2025-08-09 19:00:00,103.02931513398971,400.32492890904683,Completed,1,2025-08-09,RTE000180
C0000189,B0005,T04,2025-08-12 15:00:00,31.614987088064595,125.53017401925639,Completed,0,2025-08-12,RTE000181
C0000190,B0005,T04,2025-08-26 15:00:00,90.10320497048477,373.40838131437454,Completed,0,2025-08-26,RTE000187
C0000191,B0005,T09,2025-09-02 15:00:00,49.82351616540742,214.06924929866304,Completed,0,2025-09-02,RTE000635
C0000192,B0005,T04,2025-09-09 15:00:00,43.89532447127719,175.65315025229575,Completed,0,2025-09-09,RTE000193
C0000193,B0005,T09,2025-09-23 15:00:00,95.05406615214737,399.19396162289445,Completed,0,2025-09-23,RTE000648
C0000194,B0005,T04,2025-09-30 15:00:00,52.23201512441968,204.68972944828133,Completed,0,2025-09-30,RTE000203
C0000195,B0005,T09,2025-10-14 15:00:00,96.45710077629276,426.77731968486074,Completed,0,2025-10-14,RTE000656
C0000196,B0005,T09,2025-10-28 15:00:00,90.73383382268548,388.46665114036216,Completed,0,2025-10-28,RTE000663
C0000197,B0005,T04,2025-11-04 15:00:00,51.75225629012337,214.3842171927576,Completed,0,2025-11-04,RTE000222
C0000198,B0005,T04,2025-11-18 15:00:00,100.12279421834607,416.5172281165294,Completed,0,2025-11-18,RTE000231
C0000199,B0005,T09,2025-11-25 15:00:00,55.69160792993081,214.01934867373953,Completed,0,2025-11-25,RTE000679
C0000200,B0005,T04,2025-12-09 10:00:00,103.79119567361046,458.74485749148,Completed,1,2025-12-09,RTE000245
C0000201,B0005,T04,2025-12-09 15:00:00,6.7322502226491725,0.0,Completed,0,2025-12-09,RTE000245
C0000202,B0005,T04,2025-12-16 15:00:00,57.203252930297985,230.74078055845467,Completed,0,2025-12-16,RTE000248
C0000203,B0005,T04,2025-12-30 15:00:00,100.43058100075142,442.7072630670964,Completed,0,2025-12-30,RTE000258
C0000204,B0005,T04,2026-01-06 15:00:00,45.28811128354743,172.7287099790999,Completed,0,2026-01-06,RTE000264
C0000205,B0005,T04,2026-01-20 15:00:00,96.71955827774556,415.24784216214744,Completed,0,2026-01-20,RTE000271
C0000206,B0005,T09,2026-01-27 15:00:00,47.060004238377836,196.4045438787868,Completed,0,2026-01-27,RTE000708
C0000207,B0005,T09,2026-02-03 15:00:00,48.21047818492783,178.41517945111778,Completed,0,2026-02-03,RTE000713
C0000208,B0005,T09,2026-02-10 15:00:00,53.45689771019204,235.5454636599702,Completed,0,2026-02-10,RTE000717
C0000209,B0005,T04,2026-02-17 15:00:00,45.722654623954774,156.65858079584518,Completed,0,2026-02-17,RTE000282
C0000210,B0005,T09,2026-02-24 15:00:00,55.929893433193676,221.15440003177216,Completed,0,2026-02-24,RTE000725
C0000211,B0005,T04,2026-03-03 15:00:00,52.973217363711164,202.65738587609886,Completed,0,2026-03-03,RTE000290
C0000212,B0005,T04,2026-03-17 15:00:00,99.97280907653064,445.773635006104,Completed,0,2026-03-17,RTE000296
C0000213,B0005,T09,2026-03-24 15:00:00,47.588939478333565,202.82045134022542,Completed,0,2026-03-24,RTE000742
C0000214,B0005,T04,2026-03-31 15:00:00,48.86991941487776,182.7444361090945,Completed,0,2026-03-31,RTE000303
C0000215,B0005,T09,2026-04-15 07:00:00,103.22569952263694,441.48450325369225,Completed,1,2026-04-15,RTE000752
C0000216,B0005,T09,2026-04-21 15:00:00,48.177502235066044,204.94288098678766,Completed,0,2026-04-21,RTE000754
C0000217,B0005,T09,2026-04-28 15:00:00,50.221799989491075,189.1859260094477,Completed,0,2026-04-28,RTE000759
C0000218,B0005,T09,2026-05-05 15:00:00,51.93101602293885,202.14191281893198,Completed,0,2026-05-05,RTE000763
C0000219,B0005,T09,2026-05-12 15:00:00,55.75945903197119,237.40024231961274,Completed,0,2026-05-12,RTE000767
C0000220,B0005,T09,2026-05-26 15:00:00,99.46792667885236,413.2903843249448,Completed,0,2026-05-26,RTE000776
C0000221,B0005,T04,2026-06-02 15:00:00,55.61197130261388,237.45576271903664,Completed,0,2026-06-02,RTE000330
C0000222,B0005,T04,2026-06-09 15:00:00,51.285494342947345,225.90545911754498,Completed,0,2026-06-09,RTE000333
C0000223,B0005,T09,2026-06-16 15:00:00,44.694526129610445,179.8655330500638,Completed,0,2026-06-16,RTE000786
C0000224,B0005,T04,2026-06-23 15:00:00,51.69824307185371,198.98527780124775,Completed,0,2026-06-23,RTE000339
C0000225,B0005,T04,2026-06-30 15:00:00,55.66849477237529,228.06248569642383,Completed,0,2026-06-30,RTE000343
C0000226,B0005,T04,2026-07-07 15:00:00,52.19181441226573,205.18877982613316,Completed,0,2026-07-07,RTE000347
C0000227,B0005,T09,2026-07-22 12:00:00,103.75309681944738,461.55097024415517,Completed,1,2026-07-22,RTE000809
C0000228,B0005,T04,2026-07-28 15:00:00,42.267150306295875,149.9846488812801,Completed,0,2026-07-28,RTE000356
C0000229,B0006,T05,2025-08-06 07:00:00,95.83496263505816,579.1296397541116,Completed,0,2025-08-06,RTE000359
C0000230,B0006,T10,2025-08-13 07:00:00,93.39399112782905,576.1074302131846,Completed,0,2025-08-13,RTE000815
C0000231,B0006,T05,2025-08-20 22:00:00,103.80331048575175,675.5798939512107,Completed,1,2025-08-20,RTE000363
C0000232,B0006,T05,2025-08-27 07:00:00,79.43912468963472,511.2174258737493,Completed,0,2025-08-27,RTE000366
C0000233,B0006,T05,2025-09-03 07:00:00,89.78578049529521,556.2877830806069,Completed,0,2025-09-03,RTE000367
C0000234,B0006,T05,2025-09-10 07:00:00,93.46217625243338,561.1111283030648,Completed,0,2025-09-10,RTE000370
C0000235,B0006,T05,2025-09-18 07:00:00,103.0117679987669,626.7909402872342,Completed,1,2025-09-18,RTE000373
C0000236,B0006,T05,2025-09-24 07:00:00,81.22163505306649,509.7183966452404,Completed,0,2025-09-24,RTE000376
C0000237,B0006,T05,2025-10-01 07:00:00,89.51203532450663,545.5157108954867,Completed,0,2025-10-01,RTE000377
C0000238,B0006,T10,2025-10-08 07:00:00,96.56257915164744,602.6339695635161,Completed,0,2025-10-08,RTE000821
C0000239,B0006,T05,2025-10-15 07:00:00,90.70075157803042,484.84192150832916,Completed,0,2025-10-15,RTE000379
C0000240,B0006,T05,2025-10-21 17:00:00,103.2350711868625,621.0130773989072,Completed,1,2025-10-21,RTE000380
C0000241,B0006,T05,2025-10-22 07:00:00,14.97688330791467,69.10825931039197,Completed,0,2025-10-22,RTE000381
C0000242,B0006,T05,2025-10-29 07:00:00,90.33367574694287,554.3153026466265,Completed,0,2025-10-29,RTE000383
C0000243,B0006,T10,2025-11-05 07:00:00,99.04700452913386,623.8215375086057,Completed,0,2025-11-05,RTE000828
C0000244,B0006,T10,2025-11-12 07:00:00,93.32795405270721,577.4338585557119,Completed,0,2025-11-12,RTE000831
C0000245,B0006,T10,2025-11-19 07:00:00,94.3546846808699,607.3386043728951,Completed,0,2025-11-19,RTE000832
C0000246,B0006,T05,2025-11-26 07:00:00,90.12909275745106,557.7439952011197,Completed,0,2025-11-26,RTE000386
C0000247,B0006,T10,2025-12-03 07:00:00,95.42707028218514,618.9274519122501,Completed,0,2025-12-03,RTE000834
C0000248,B0006,T05,2025-12-10 07:00:00,92.9049922191607,574.337657243973,Completed,0,2025-12-10,RTE000391
C0000249,B0006,T10,2025-12-17 07:00:00,97.63387584224847,615.7856627575131,Completed,0,2025-12-17,RTE000835
C0000250,B0006,T10,2025-12-24 07:00:00,96.1617674670783,601.8900935593887,Completed,0,2025-12-24,RTE000837
C0000251,B0006,T05,2025-12-31 07:00:00,100.4748226237002,648.171545702611,Completed,0,2025-12-31,RTE000396
C0000252,B0006,T10,2026-01-07 07:00:00,90.22460112570248,569.3670754193172,Completed,0,2026-01-07,RTE000840
C0000253,B0006,T10,2026-01-14 07:00:00,85.82297574250875,532.6968921373568,Completed,0,2026-01-14,RTE000842
C0000254,B0006,T10,2026-01-22 14:00:00,103.1017554115365,654.0083185484563,Completed,1,2026-01-22,RTE000843
C0000255,B0006,T05,2026-01-28 07:00:00,75.45148280928399,423.0947010368946,Completed,0,2026-01-28,RTE000401
C0000256,B0006,T05,2026-02-04 07:00:00,93.79754000000212,592.1571331385919,Completed,0,2026-02-04,RTE000404
C0000257,B0006,T10,2026-02-12 15:00:00,104.27406445847316,667.2694780787507,Completed,1,2026-02-12,RTE000845
C0000258,B0006,T05,2026-02-18 07:00:00,71.51778734464601,435.25294282895754,Completed,0,2026-02-18,RTE000408
C0000259,B0006,T05,2026-02-25 07:00:00,89.37558903560684,551.8792826761232,Completed,0,2026-02-25,RTE000409
C0000260,B0006,T05,2026-03-05 13:00:00,104.99845955677122,681.9367046368848,Completed,1,2026-03-05,RTE000410
C0000261,B0006,T10,2026-03-11 07:00:00,76.4931426174834,483.0192076690091,Completed,0,2026-03-11,RTE000852
C0000262,B0006,T05,2026-03-18 07:00:00,88.80664191917377,541.2961729550879,Completed,0,2026-03-18,RTE000412
C0000263,B0006,T10,2026-03-25 07:00:00,92.27958706881904,582.0211145921163,Completed,0,2026-03-25,RTE000853
C0000264,B0006,T05,2026-04-01 07:00:00,89.96113340848443,539.0018010413365,Completed,0,2026-04-01,RTE000416
C0000265,B0006,T05,2026-04-08 07:00:00,95.79818127952268,587.020929289353,Completed,0,2026-04-08,RTE000418
C0000266,B0006,T10,2026-04-15 17:00:00,104.95633593158489,636.4006464308014,Completed,1,2026-04-15,RTE000858
C0000267,B0006,T10,2026-04-23 12:00:00,104.81539687768667,652.5163750683514,Completed,1,2026-04-23,RTE000861
C0000268,B0006,T05,2026-04-29 07:00:00,79.2171216042016,462.56682334368907,Completed,0,2026-04-29,RTE000420
C0000269,B0006,T10,2026-05-06 07:00:00,102.0079081724989,658.3626855660603,Completed,0,2026-05-06,RTE000863
C0000270,B0006,T10,2026-05-13 07:00:00,91.10185304467943,569.350301567587,Completed,0,2026-05-13,RTE000866
C0000271,B0006,T05,2026-05-20 07:00:00,93.52833537744816,607.645529040136,Completed,0,2026-05-20,RTE000425
C0000272,B0006,T10,2026-05-28 08:00:00,103.46431878001428,637.1768521317974,Completed,1,2026-05-28,RTE000868
C0000273,B0006,T05,2026-06-03 07:00:00,84.02832365928376,493.77914415550396,Completed,0,2026-06-03,RTE000427
C0000274,B0006,T05,2026-06-10 18:00:00,103.21673062519278,643.0847014251336,Completed,1,2026-06-10,RTE000429
C0000275,B0006,T10,2026-06-17 07:00:00,90.53259824758346,521.0812788639397,Completed,0,2026-06-17,RTE000872
C0000276,B0006,T05,2026-06-24 07:00:00,99.5757207188975,626.0400536364186,Completed,0,2026-06-24,RTE000431
C0000277,B0006,T05,2026-07-02 04:00:00,103.54162526020703,666.7580832522553,Completed,1,2026-07-02,RTE000434
C0000278,B0006,T05,2026-07-08 07:00:00,79.67765503565639,488.1367047722899,Completed,0,2026-07-08,RTE000437
C0000279,B0006,T10,2026-07-15 07:00:00,97.9712972682743,600.3715667002145,Completed,0,2026-07-15,RTE000876
C0000280,B0006,T10,2026-07-23 02:00:00,103.16833047796612,664.1274563471852,Completed,1,2026-07-23,RTE000877
C0000281,B0006,T05,2026-07-29 07:00:00,78.97641023390665,459.0205235888889,Completed,0,2026-07-29,RTE000442
C0000282,B0007,T07,2025-08-08 16:00:00,97.30530479971272,312.4492617835243,Completed,0,2025-08-08,RTE000489
C0000283,B0007,T02,2025-08-15 16:00:00,65.44429485785221,193.8598445258712,Completed,0,2025-08-15,RTE000058
C0000284,B0007,T07,2025-08-26 15:00:00,103.02041364320556,336.1083013590038,Completed,1,2025-08-26,RTE000492
C0000285,B0007,T07,2025-08-29 16:00:00,29.501049614502158,88.7826520698229,Completed,0,2025-08-29,RTE000493
C0000286,B0007,T07,2025-09-05 16:00:00,61.14518169899353,155.45875868247236,Completed,0,2025-09-05,RTE000496
C0000287,B0007,T02,2025-09-12 16:00:00,73.92377157990254,228.50640282685416,Completed,0,2025-09-12,RTE000062
C0000288,B0007,T02,2025-09-19 16:00:00,64.01756467693264,208.25301801075165,Completed,0,2025-09-19,RTE000064
C0000289,B0007,T07,2025-09-26 16:00:00,60.887403249945685,194.1944832612316,Completed,0,2025-09-26,RTE000501
C0000290,B0007,T07,2025-10-03 16:00:00,63.83160021296372,197.14873795563705,Completed,0,2025-10-03,RTE000502
C0000291,B0007,T02,2025-10-10 16:00:00,64.44691915742649,191.1913291762488,Completed,0,2025-10-10,RTE000069
C0000292,B0007,T02,2025-10-17 16:00:00,66.68098773075755,211.21739183717918,Completed,0,2025-10-17,RTE000070
C0000293,B0007,T07,2025-10-24 16:00:00,65.58809921694252,205.61018133753,Completed,0,2025-10-24,RTE000506
C0000294,B0007,T02,2025-10-31 16:00:00,64.72562131575062,186.81980843286865,Completed,0,2025-10-31,RTE000071
C0000295,B0007,T07,2025-11-07 16:00:00,73.16116640071367,225.58343137082977,Completed,0,2025-11-07,RTE000511
C0000296,B0007,T02,2025-11-14 16:00:00,68.12518155863107,220.01480322166074,Completed,0,2025-11-14,RTE000072
C0000297,B0007,T07,2025-11-25 22:00:00,103.24073577760129,328.9233229000678,Completed,1,2025-11-25,RTE000514
C0000298,B0007,T07,2025-11-28 16:00:00,28.539210760179483,78.53788088276272,Completed,0,2025-11-28,RTE000515
C0000299,B0007,T02,2025-12-09 11:00:00,103.21855025322361,335.2108334056562,Completed,1,2025-12-09,RTE000076
C0000300,B0007,T02,2025-12-12 16:00:00,30.866445529884096,96.79003711708032,Completed,0,2025-12-12,RTE000077
C0000301,B0007,T02,2025-12-19 16:00:00,64.6563687866537,204.73433632994553,Completed,0,2025-12-19,RTE000079
C0000302,B0007,T02,2025-12-26 16:00:00,69.25143873585276,227.7090362680474,Completed,0,2025-12-26,RTE000081
C0000303,B0007,T02,2026-01-07 09:00:00,103.15046857063518,331.65464145551204,Completed,1,2026-01-07,RTE000083
C0000304,B0007,T07,2026-01-09 16:00:00,22.84346038557652,61.093513484620374,Completed,0,2026-01-09,RTE000525
C0000305,B0007,T02,2026-01-16 16:00:00,60.81724707282451,180.30477611742228,Completed,0,2026-01-16,RTE000085
C0000306,B0007,T07,2026-01-23 16:00:00,63.68529388709854,204.19616480727268,Completed,0,2026-01-23,RTE000526
C0000307,B0007,T02,2026-02-04 09:00:00,103.03791958821604,326.8049496505398,Completed,1,2026-02-04,RTE000089
C0000308,B0007,T02,2026-02-06 16:00:00,23.95360526768843,47.9961109840101,Completed,0,2026-02-06,RTE000090
C0000309,B0007,T07,2026-02-13 16:00:00,67.40523579956267,200.81102282501115,Completed,0,2026-02-13,RTE000531
C0000310,B0007,T07,2026-02-20 16:00:00,66.07522618032976,216.19220798554568,Completed,0,2026-02-20,RTE000533
C0000311,B0007,T02,2026-03-04 18:00:00,103.23130352084036,342.48022135188927,Completed,1,2026-03-04,RTE000093
C0000312,B0007,T07,2026-03-06 16:00:00,16.764114258887492,47.77550862947532,Completed,0,2026-03-06,RTE000537
C0000313,B0007,T02,2026-03-13 16:00:00,63.75133789562698,182.6454514746377,Completed,0,2026-03-13,RTE000094
C0000314,B0007,T02,2026-03-20 16:00:00,68.06255350400568,217.752555916057,Completed,0,2026-03-20,RTE000095
C0000315,B0007,T02,2026-03-27 16:00:00,61.84714992098379,189.06345731968088,Completed,0,2026-03-27,RTE000097
C0000316,B0007,T07,2026-04-03 16:00:00,65.52297822942815,198.32525974941956,Completed,0,2026-04-03,RTE000544
C0000317,B0007,T07,2026-04-10 16:00:00,67.46480357440471,214.34121010779506,Completed,0,2026-04-10,RTE000545
C0000318,B0007,T02,2026-04-17 16:00:00,66.51271267801346,202.65836685481517,Completed,0,2026-04-17,RTE000101
C0000319,B0007,T02,2026-04-24 16:00:00,67.89531215420249,211.94272967170218,Completed,0,2026-04-24,RTE000103
C0000320,B0007,T02,2026-05-01 16:00:00,66.25396578455282,199.18941501945378,Completed,0,2026-05-01,RTE000105
C0000321,B0007,T02,2026-05-12 02:00:00,103.18210376302714,317.26232098918575,Completed,1,2026-05-12,RTE000107
C0000322,B0007,T07,2026-05-15 16:00:00,36.84606251496836,110.83062765442565,Completed,0,2026-05-15,RTE000550
C0000323,B0007,T02,2026-05-22 16:00:00,65.89658849124496,179.9690826648836,Completed,0,2026-05-22,RTE000110
C0000324,B0007,T02,2026-05-29 16:00:00,73.76792905173019,238.13346709618995,Completed,0,2026-05-29,RTE000111
C0000325,B0007,T07,2026-06-09 21:00:00,103.05857178729939,340.86581717126154,Completed,1,2026-06-09,RTE000555
C0000326,B0007,T07,2026-06-21 00:00:00,103.25368613240518,318.06131705283747,Completed,1,2026-06-21,RTE000557
C0000327,B0007,T02,2026-06-26 16:00:00,57.07564091761219,180.04381747061316,Completed,0,2026-06-26,RTE000115
C0000328,B0007,T07,2026-07-03 16:00:00,65.69062956228416,192.77419976177615,Completed,0,2026-07-03,RTE000560
C0000329,B0007,T02,2026-07-10 16:00:00,68.81398852235027,223.07894318147748,Completed,0,2026-07-10,RTE000118
C0000330,B0007,T02,2026-07-21 23:00:00,103.27422661869039,316.96106119385485,Completed,1,2026-07-21,RTE000119
C0000331,B0007,T07,2026-07-31 16:00:00,90.93464179654293,295.26815066011335,Completed,0,2026-07-31,RTE000567
C0000332,B0008,T02,2025-08-04 11:00:00,68.0854290626409,300.0096968640091,Completed,0,2025-08-04,RTE000057
C0000333,B0008,T07,2025-08-15 13:00:00,103.07154933507114,476.88423259816983,Completed,1,2025-08-15,RTE000491
C0000334,B0008,T02,2025-08-18 11:00:00,31.539217471516917,115.84926115298101,Completed,0,2025-08-18,RTE000059
C0000335,B0008,T02,2025-08-25 11:00:00,67.21934333051792,293.6739538603456,Completed,0,2025-08-25,RTE000061
C0000336,B0008,T07,2025-09-01 11:00:00,68.21589447103783,306.067799114719,Completed,0,2025-09-01,RTE000494
C0000337,B0008,T07,2025-09-08 11:00:00,64.44575478142504,279.1178373170584,Completed,0,2025-09-08,RTE000497
C0000338,B0008,T07,2025-09-15 11:00:00,67.13794056890244,315.2134088581569,Completed,0,2025-09-15,RTE000499
C0000339,B0008,T02,2025-09-22 11:00:00,61.86708644190586,258.021333081106,Completed,0,2025-09-22,RTE000065
C0000340,B0008,T02,2025-10-03 14:00:00,103.83316644452478,463.909403650832,Completed,1,2025-10-03,RTE000067
C0000341,B0008,T02,2025-10-06 11:00:00,34.43811531253048,147.8987396432346,Completed,0,2025-10-06,RTE000068
C0000342,B0008,T02,2025-10-17 21:00:00,103.05714548967299,473.8008660335394,Completed,1,2025-10-17,RTE000070
C0000343,B0008,T07,2025-10-27 11:00:00,88.88280396894814,399.1117208901172,Completed,0,2025-10-27,RTE000507
C0000344,B0008,T07,2025-11-03 11:00:00,69.20481170553256,317.1826582797192,Completed,0,2025-11-03,RTE000509
C0000345,B0008,T07,2025-11-10 11:00:00,65.9040019558677,283.33393690026435,Completed,0,2025-11-10,RTE000512
C0000346,B0008,T02,2025-11-17 11:00:00,70.33866982420348,326.5892446772579,Completed,0,2025-11-17,RTE000073
C0000347,B0008,T07,2025-11-28 18:00:00,103.51799855074348,479.04455815534857,Completed,1,2025-11-28,RTE000515
C0000348,B0008,T07,2025-12-01 11:00:00,30.800148301288306,114.94440037523495,Completed,0,2025-12-01,RTE000516
C0000349,B0008,T07,2025-12-08 11:00:00,72.11085478929658,325.4637922570162,Completed,0,2025-12-08,RTE000518
C0000350,B0008,T07,2025-12-15 11:00:00,69.78964412976212,319.5876670256506,Completed,0,2025-12-15,RTE000520
C0000351,B0008,T02,2025-12-22 11:00:00,69.20353138454097,293.0075178489489,Completed,0,2025-12-22,RTE000080
C0000352,B0008,T02,2025-12-29 11:00:00,75.26758558418882,349.5762761898368,Completed,0,2025-12-29,RTE000082
C0000353,B0008,T07,2026-01-05 11:00:00,65.4046549468911,278.4180118659098,Completed,0,2026-01-05,RTE000523
C0000354,B0008,T02,2026-01-12 11:00:00,66.57464194978878,297.5463845796866,Completed,0,2026-01-12,RTE000084
C0000355,B0008,T07,2026-01-24 08:00:00,103.80227662992922,459.70706378060316,Completed,1,2026-01-24,RTE000527
C0000356,B0008,T02,2026-01-26 11:00:00,27.809015084813055,118.57263488360198,Completed,0,2026-01-26,RTE000087
C0000357,B0008,T02,2026-02-02 11:00:00,62.25754222232857,277.88798487232924,Completed,0,2026-02-02,RTE000088
C0000358,B0008,T07,2026-02-09 11:00:00,64.90137694573835,294.82153557746557,Completed,0,2026-02-09,RTE000530
C0000359,B0008,T07,2026-02-21 06:00:00,104.39625641419687,464.1645180076491,Completed,1,2026-02-21,RTE000534
C0000360,B0008,T07,2026-03-02 11:00:00,88.00867948798823,409.4524947896214,Completed,0,2026-03-02,RTE000535
C0000361,B0008,T07,2026-03-09 11:00:00,64.31176501941171,294.8684225216392,Completed,0,2026-03-09,RTE000538
C0000362,B0008,T02,2026-03-21 03:00:00,103.88772428599648,476.04315970634656,Completed,1,2026-03-21,RTE000096
C0000363,B0008,T07,2026-03-30 11:00:00,86.44790462044753,373.8332216756683,Completed,0,2026-03-30,RTE000542
C0000364,B0008,T02,2026-04-10 06:00:00,103.35559339038018,457.94374719658373,Completed,1,2026-04-10,RTE000099
C0000365,B0008,T07,2026-04-20 16:00:00,103.22028894786432,481.6274993924649,Completed,1,2026-04-20,RTE000546
C0000366,B0008,T02,2026-05-01 19:00:00,104.18942207654554,492.79544026668566,Completed,1,2026-05-01,RTE000105
C0000367,B0008,T07,2026-05-04 11:00:00,28.129938752710498,100.12013992431875,Completed,0,2026-05-04,RTE000547
C0000368,B0008,T02,2026-05-11 11:00:00,70.93063156993922,313.8873735857298,Completed,0,2026-05-11,RTE000106
C0000369,B0008,T02,2026-05-18 11:00:00,70.45526211610313,333.71499862583585,Completed,0,2026-05-18,RTE000108
C0000370,B0008,T07,2026-05-25 11:00:00,64.52915174251592,274.7282324224447,Completed,0,2026-05-25,RTE000551
C0000371,B0008,T07,2026-06-01 11:00:00,72.00746335218172,340.76826554744457,Completed,0,2026-06-01,RTE000553
C0000372,B0008,T02,2026-06-08 11:00:00,65.4386429960108,294.638941525094,Completed,0,2026-06-08,RTE000112
C0000373,B0008,T07,2026-06-15 11:00:00,68.43829692629176,287.0310797634551,Completed,0,2026-06-15,RTE000556
C0000374,B0008,T07,2026-06-25 19:00:00,103.25146817520246,477.4380424602929,Completed,1,2026-06-25,RTE000558
C0000375,B0008,T02,2026-06-29 11:00:00,37.86978530771964,166.83590135137413,Completed,0,2026-06-29,RTE000116
C0000376,B0008,T07,2026-07-06 11:00:00,65.81697474824388,282.4322969040466,Completed,0,2026-07-06,RTE000561
C0000377,B0008,T07,2026-07-17 05:00:00,103.12007864723776,462.8699989939329,Completed,1,2026-07-17,RTE000563
C0000378,B0008,T07,2026-07-20 11:00:00,37.661140348435175,162.9525270522445,Completed,0,2026-07-20,RTE000564
C0000379,B0008,T07,2026-07-27 11:00:00,64.37329434595699,292.749130837096,Completed,0,2026-07-27,RTE000565
C0000380,B0009,T08,2025-08-06 13:00:00,103.34958588209724,388.2291901418115,Completed,1,2025-08-06,RTE000568
C0000381,B0009,T08,2025-08-07 14:00:00,23.974402461467413,74.86866262391479,Completed,0,2025-08-07,RTE000569
C0000382,B0009,T03,2025-08-14 14:00:00,98.27203089841107,365.8592075604834,Completed,0,2025-08-14,RTE000122
C0000383,B0009,T03,2025-08-21 14:00:00,103.11104631216253,407.8016094507919,Completed,0,2025-08-21,RTE000124
C0000384,B0009,T08,2025-08-28 14:00:00,97.24477463308719,356.3356917978876,Completed,0,2025-08-28,RTE000571
C0000385,B0009,T08,2025-09-04 14:00:00,102.11893344215655,392.12704694765995,Completed,0,2025-09-04,RTE000572
C0000386,B0009,T03,2025-09-11 14:00:00,99.72545751600957,392.9713363158841,Completed,0,2025-09-11,RTE000126
C0000387,B0009,T08,2025-09-18 14:00:00,95.57778538068382,363.4648665798373,Completed,0,2025-09-18,RTE000574
C0000388,B0009,T08,2025-09-26 02:00:00,103.84552691238716,406.10371622144686,Completed,1,2025-09-26,RTE000576
C0000389,B0009,T03,2025-10-02 14:00:00,89.69447886344909,336.83649202917496,Completed,0,2025-10-02,RTE000127
C0000390,B0009,T08,2025-10-09 17:00:00,103.46167652504252,381.43293728312796,Completed,1,2025-10-09,RTE000578
C0000391,B0009,T08,2025-10-16 20:00:00,105.28598259677192,405.25867617205347,Completed,1,2025-10-16,RTE000580
C0000392,B0009,T03,2025-10-23 14:00:00,96.88578356562468,384.72801430769385,Completed,0,2025-10-23,RTE000129
C0000393,B0009,T08,2025-10-30 14:00:00,96.02506042197297,337.2856980298518,Completed,0,2025-10-30,RTE000581
C0000394,B0009,T08,2025-11-06 03:00:00,103.03292603181946,397.08796344333405,Completed,1,2025-11-06,RTE000583
C0000395,B0009,T08,2025-11-13 11:00:00,106.63658200427015,400.7528529863234,Completed,1,2025-11-13,RTE000584
C0000396,B0009,T08,2025-11-13 14:00:00,10.923778010297196,5.054752642765898,Completed,0,2025-11-13,RTE000584
C0000397,B0009,T08,2025-11-20 14:00:00,105.32144835658545,418.45619871517783,Completed,1,2025-11-20,RTE000586
C0000398,B0009,T03,2025-11-27 14:00:00,99.17172953410137,380.2901276620584,Completed,0,2025-11-27,RTE000132
C0000399,B0009,T08,2025-12-04 14:00:00,103.84877156536734,384.62804754233537,Completed,0,2025-12-04,RTE000589
C0000400,B0009,T03,2025-12-11 11:00:00,105.49853499343935,396.99327237502,Completed,1,2025-12-11,RTE000134
C0000401,B0009,T03,2025-12-18 07:00:00,103.4768632848787,391.1671758182847,Completed,1,2025-12-18,RTE000135
C0000402,B0009,T08,2025-12-18 14:00:00,13.247391320115327,29.62328712928442,Completed,0,2025-12-18,RTE000590
C0000403,B0009,T08,2025-12-25 12:00:00,105.19279792626392,402.5035538933657,Completed,1,2025-12-25,RTE000592
C0000404,B0009,T03,2025-12-25 14:00:00,8.36898663073133,8.148450012256657,Completed,0,2025-12-25,RTE000137
C0000405,B0009,T03,2026-01-01 13:00:00,106.4274233239174,369.1691755186101,Completed,1,2026-01-01,RTE000138
C0000406,B0009,T08,2026-01-01 14:00:00,16.7403816356204,33.22262392705579,Completed,0,2026-01-01,RTE000594
C0000407,B0009,T03,2026-01-08 19:00:00,103.01358668098446,407.1240372966077,Completed,1,2026-01-08,RTE000140
C0000408,B0009,T03,2026-01-15 14:00:00,88.66885566058816,330.01200872534145,Completed,0,2026-01-15,RTE000141
C0000409,B0009,T03,2026-01-22 14:00:00,98.05601730430205,367.3298944938932,Completed,0,2026-01-22,RTE000143
C0000410,B0009,T03,2026-01-29 14:00:00,98.73570567492803,363.9761786506054,Completed,0,2026-01-29,RTE000145
C0000411,B0009,T03,2026-02-05 14:00:00,99.68290478702609,393.04047394272186,Completed,0,2026-02-05,RTE000147
C0000412,B0009,T03,2026-02-12 14:00:00,94.2204413375963,360.0345413873957,Completed,0,2026-02-12,RTE000148
C0000413,B0009,T08,2026-02-19 14:00:00,95.87659635197903,351.1149604063462,Completed,0,2026-02-19,RTE000597
C0000414,B0009,T03,2026-02-26 14:00:00,99.99240694415275,372.66733025664047,Completed,0,2026-02-26,RTE000151
C0000415,B0009,T08,2026-03-05 14:00:00,99.92994255927854,373.6497037332794,Completed,0,2026-03-05,RTE000599
C0000416,B0009,T08,2026-03-12 14:00:00,101.27967661394206,372.25903368093606,Completed,0,2026-03-12,RTE000601
C0000417,B0009,T03,2026-03-19 14:00:00,102.80886272854406,402.6866511018444,Completed,0,2026-03-19,RTE000153
C0000418,B0009,T08,2026-03-27 02:00:00,103.228059937592,401.88111388929156,Completed,1,2026-03-27,RTE000602
C0000419,B0009,T08,2026-04-02 14:00:00,90.63844081976747,330.24753429286847,Completed,0,2026-04-02,RTE000604
C0000420,B0009,T08,2026-04-09 12:00:00,103.32754134675079,401.90529219100017,Completed,1,2026-04-09,RTE000606
C0000421,B0009,T03,2026-04-16 14:00:00,101.80346833764007,396.10397050627364,Completed,0,2026-04-16,RTE000156
C0000422,B0009,T03,2026-04-23 14:00:00,99.71468457402842,373.42728947808365,Completed,0,2026-04-23,RTE000158
C0000423,B0009,T03,2026-04-30 18:00:00,105.65553446901686,399.0605291705652,Completed,1,2026-04-30,RTE000160
C0000424,B0009,T03,2026-05-07 14:00:00,104.19417264916903,400.73784775160254,Completed,0,2026-05-07,RTE000161
C0000425,B0009,T08,2026-05-14 14:00:00,103.77756907725606,385.89117556838676,Completed,0,2026-05-14,RTE000607
C0000426,B0009,T03,2026-05-21 12:00:00,104.56020906933223,385.84622366688274,Completed,1,2026-05-21,RTE000164
C0000427,B0009,T03,2026-05-28 09:00:00,104.3878092080643,384.2236609756607,Completed,1,2026-05-28,RTE000166
C0000428,B0009,T08,2026-06-04 02:00:00,103.03804446126146,396.6729530784937,Completed,1,2026-06-04,RTE000609
C0000429,B0009,T03,2026-06-11 03:00:00,103.13025576828979,396.2843354876734,Completed,1,2026-06-11,RTE000169
C0000430,B0009,T03,2026-06-11 14:00:00,13.807951443201935,16.166793897310477,Completed,0,2026-06-11,RTE000169
C0000431,B0009,T03,2026-06-18 05:00:00,103.25750335004196,408.6148237847467,Completed,1,2026-06-18,RTE000170
C0000432,B0009,T08,2026-06-18 14:00:00,9.73934873050486,5.4106086061824294,Completed,0,2026-06-18,RTE000611
C0000433,B0009,T03,2026-06-25 14:00:00,103.36016083012932,410.6115409215894,Completed,0,2026-06-25,RTE000172
C0000434,B0009,T08,2026-07-02 14:00:00,98.43232158629569,360.41839540378083,Completed,0,2026-07-02,RTE000613
C0000435,B0009,T08,2026-07-09 12:00:00,103.08347965570555,386.51436811366113,Completed,1,2026-07-09,RTE000615
C0000436,B0009,T08,2026-07-09 14:00:00,9.98551931885101,23.53008922045493,Completed,0,2026-07-09,RTE000615
C0000437,B0009,T08,2026-07-16 17:00:00,103.2650834667286,361.5517129944525,Completed,1,2026-07-16,RTE000616
C0000438,B0009,T08,2026-07-23 10:00:00,103.26621675437634,404.16466766114837,Completed,1,2026-07-23,RTE000617
C0000439,B0009,T03,2026-07-30 14:00:00,101.24351597000086,385.02667172450026,Completed,0,2026-07-30,RTE000175
C0000440,B0010,T09,2025-08-05 16:00:00,89.71133613034606,510.4352541723612,Completed,0,2025-08-05,RTE000619
C0000441,B0010,T09,2025-08-12 16:00:00,68.49982297166083,419.57973104296923,Completed,0,2025-08-12,RTE000625
C0000442,B0010,T09,2025-08-19 16:00:00,62.740331911972305,359.11115503074814,Completed,0,2025-08-19,RTE000628
C0000443,B0010,T04,2025-08-26 16:00:00,66.28076102629822,382.0316091980205,Completed,0,2025-08-26,RTE000187
C0000444,B0010,T09,2025-09-02 16:00:00,66.89712868901682,382.8176979784072,Completed,0,2025-09-02,RTE000635
C0000445,B0010,T09,2025-09-13 15:00:00,103.24295727251882,625.9868965463962,Completed,1,2025-09-13,RTE000643
C0000446,B0010,T04,2025-09-16 16:00:00,27.99865190600923,157.82283137523007,Completed,0,2025-09-16,RTE000197
C0000447,B0010,T09,2025-09-23 16:00:00,61.63850719274273,380.8452401157693,Completed,0,2025-09-23,RTE000648
C0000448,B0010,T09,2025-09-30 16:00:00,61.925183325786904,350.65980478788475,Completed,0,2025-09-30,RTE000652
C0000449,B0010,T04,2025-10-07 16:00:00,67.47843174825138,375.4763767214325,Completed,0,2025-10-07,RTE000206
C0000450,B0010,T09,2025-10-14 16:00:00,68.19999417019828,398.8631035051876,Completed,0,2025-10-14,RTE000656
C0000451,B0010,T04,2025-10-21 16:00:00,65.76243357439967,384.8033792603525,Completed,0,2025-10-21,RTE000215
C0000452,B0010,T09,2025-10-28 16:00:00,65.58583967157587,400.5362465399779,Completed,0,2025-10-28,RTE000663
C0000453,B0010,T09,2025-11-04 16:00:00,63.38048116066987,351.29160015348447,Completed,0,2025-11-04,RTE000667
C0000454,B0010,T09,2025-11-11 16:00:00,69.9943818426763,402.7782762918969,Completed,0,2025-11-11,RTE000673
C0000455,B0010,T04,2025-11-22 02:00:00,103.59630861350178,615.917448945525,Completed,1,2025-11-22,RTE000234
C0000456,B0010,T04,2025-11-25 16:00:00,33.24195798649015,167.71422029632234,Completed,0,2025-11-25,RTE000237
C0000457,B0010,T04,2025-12-02 16:00:00,69.52884299466132,394.09627000844057,Completed,0,2025-12-02,RTE000242
C0000458,B0010,T04,2025-12-09 16:00:00,71.91032501830408,417.8895630028693,Completed,0,2025-12-09,RTE000245
C0000459,B0010,T09,2025-12-16 16:00:00,70.83981210795424,421.66229691198595,Completed,0,2025-12-16,RTE000690
C0000460,B0010,T04,2025-12-23 16:00:00,69.09813475995466,409.956376927071,Completed,0,2025-12-23,RTE000252
C0000461,B0010,T04,2026-01-03 01:00:00,103.16030131009894,636.4789523293069,Completed,1,2026-01-03,RTE000261
C0000462,B0010,T04,2026-01-06 16:00:00,28.25009889243236,144.48980827948702,Completed,0,2026-01-06,RTE000264
C0000463,B0010,T09,2026-01-13 16:00:00,62.99926080552682,343.7703275118835,Completed,0,2026-01-13,RTE000701
C0000464,B0010,T09,2026-01-20 16:00:00,66.8931429793171,397.0736092308988,Completed,0,2026-01-20,RTE000704
C0000465,B0010,T09,2026-02-02 00:00:00,103.12193070880589,642.5317143595349,Completed,1,2026-02-02,RTE000712
C0000466,B0010,T09,2026-02-13 11:00:00,103.3399304565749,600.097844832503,Completed,1,2026-02-13,RTE000720
C0000467,B0010,T09,2026-02-17 16:00:00,40.65463398863332,239.63861820802444,Completed,0,2026-02-17,RTE000721
C0000468,B0010,T04,2026-03-02 03:00:00,103.25415841058458,562.9587374450595,Completed,1,2026-03-02,RTE000289
C0000469,B0010,T04,2026-03-03 16:00:00,31.396892792867664,177.6068670796566,Completed,0,2026-03-03,RTE000290
C0000470,B0010,T09,2026-03-10 16:00:00,62.6906673246236,343.74415627131066,Completed,0,2026-03-10,RTE000733
C0000471,B0010,T09,2026-03-17 16:00:00,68.13729678310352,401.4333504046974,Completed,0,2026-03-17,RTE000737
C0000472,B0010,T04,2026-03-24 16:00:00,65.43370460164701,377.5282587835118,Completed,0,2026-03-24,RTE000298
C0000473,B0010,T09,2026-04-04 14:00:00,103.40116033672513,600.9686520074198,Completed,1,2026-04-04,RTE000748
C0000474,B0010,T09,2026-04-07 16:00:00,32.94990112036202,170.49605347539153,Completed,0,2026-04-07,RTE000750
C0000475,B0010,T04,2026-04-18 11:00:00,103.51174727833678,624.2906996871434,Completed,1,2026-04-18,RTE000313
C0000476,B0010,T09,2026-04-21 16:00:00,30.939814001117092,134.51491672591018,Completed,0,2026-04-21,RTE000754
C0000477,B0010,T09,2026-04-28 16:00:00,70.7934430169285,373.82802207914654,Completed,0,2026-04-28,RTE000759
C0000478,B0010,T09,2026-05-05 16:00:00,74.73089324159791,432.4851768299153,Completed,0,2026-05-05,RTE000763
C0000479,B0010,T09,2026-05-12 16:00:00,69.24249924021784,415.4199414575505,Completed,0,2026-05-12,RTE000767
C0000480,B0010,T04,2026-05-19 16:00:00,66.97687965771622,414.5858721695917,Completed,0,2026-05-19,RTE000324
C0000481,B0010,T09,2026-05-26 16:00:00,64.39765099827352,364.909211333924,Completed,0,2026-05-26,RTE000776
C0000482,B0010,T04,2026-06-02 16:00:00,68.537126214334,382.9144395158927,Completed,0,2026-06-02,RTE000330
C0000483,B0010,T09,2026-06-09 16:00:00,70.5501527839806,409.1145591764763,Completed,0,2026-06-09,RTE000782
C0000484,B0010,T09,2026-06-20 00:00:00,103.2232590997868,640.9590830417488,Completed,1,2026-06-20,RTE000789
C0000485,B0010,T09,2026-06-23 16:00:00,30.120561201955155,130.36935362794537,Completed,0,2026-06-23,RTE000792
C0000486,B0010,T04,2026-06-30 16:00:00,71.17272007557092,441.9877591931849,Completed,0,2026-06-30,RTE000343
C0000487,B0010,T09,2026-07-07 16:00:00,62.702536690289655,351.65543308580396,Completed,0,2026-07-07,RTE000800
C0000488,B0010,T09,2026-07-17 23:00:00,103.01034164787043,600.5321088958524,Completed,1,2026-07-17,RTE000807
C0000489,B0010,T09,2026-07-21 16:00:00,35.93450986995887,177.5790577813308,Completed,0,2026-07-21,RTE000808
C0000490,B0010,T04,2026-07-28 16:00:00,68.26642768287796,377.4913507267518,Completed,0,2026-07-28,RTE000356
C0000491,B0011,T09,2025-08-05 18:00:00,104.87232063410967,406.11385181666503,Completed,1,2025-08-05,RTE000619
C0000492,B0011,T04,2025-08-13 08:00:00,103.31391632107174,382.3958687290068,Completed,1,2025-08-13,RTE000182
C0000493,B0011,T04,2025-08-13 14:00:00,14.17622988576706,32.147199366492146,Completed,0,2025-08-13,RTE000182
C0000494,B0011,T09,2025-08-20 14:00:00,100.79964429155038,394.90618682013235,Completed,0,2025-08-20,RTE000629
C0000495,B0011,T04,2025-08-28 00:00:00,103.51640458189615,390.0876757565484,Completed,1,2025-08-28,RTE000188
C0000496,B0011,T04,2025-09-03 14:00:00,94.09033079105707,332.52068822318387,Completed,0,2025-09-03,RTE000190
C0000497,B0011,T09,2025-09-10 13:00:00,104.33706076731342,413.58358620795906,Completed,1,2025-09-10,RTE000641
C0000498,B0011,T04,2025-09-10 14:00:00,3.77335836083987,0.0,Completed,0,2025-09-10,RTE000194
C0000499,B0011,T09,2025-09-17 14:00:00,99.6030466443589,395.98643944237216,Completed,0,2025-09-17,RTE000645
C0000500,B0011,T04,2025-09-24 14:00:00,94.14701616237642,345.2829350439642,Completed,0,2025-09-24,RTE000201
C0000501,B0011,T04,2025-10-01 14:00:00,100.40397140246,370.72256206189854,Completed,0,2025-10-01,RTE000204
C0000502,B0011,T09,2025-10-08 14:00:00,103.87164001513447,405.79242209028024,Completed,1,2025-10-08,RTE000655
C0000503,B0011,T09,2025-10-16 01:00:00,103.1862268740528,410.3652319436573,Completed,1,2025-10-16,RTE000658
C0000504,B0011,T09,2025-10-22 14:00:00,92.19964745062732,361.3339999077413,Completed,0,2025-10-22,RTE000660
C0000505,B0011,T04,2025-10-29 14:00:00,95.8032169047894,351.09154871253793,Completed,0,2025-10-29,RTE000219
C0000506,B0011,T09,2025-11-05 10:00:00,103.37611773903458,381.53617055674863,Completed,1,2025-11-05,RTE000668
C0000507,B0011,T09,2025-11-12 07:00:00,103.43327840684408,413.3081071064547,Completed,1,2025-11-12,RTE000674
C0000508,B0011,T09,2025-11-12 14:00:00,8.034662264744258,0.0,Completed,0,2025-11-12,RTE000674
C0000509,B0011,T09,2025-11-19 13:00:00,103.54625477810069,393.1123955084439,Completed,1,2025-11-19,RTE000676
C0000510,B0011,T09,2025-11-19 14:00:00,7.93874648297236,14.436536629694674,Completed,0,2025-11-19,RTE000676
C0000511,B0011,T09,2025-11-26 14:00:00,100.49230674455343,397.52147397356214,Completed,0,2025-11-26,RTE000680
C0000512,B0011,T09,2025-12-03 14:00:00,99.97043618194867,384.5724372563176,Completed,0,2025-12-03,RTE000682
C0000513,B0011,T04,2025-12-10 11:00:00,103.75290697727489,411.3618158967672,Completed,1,2025-12-10,RTE000246
C0000514,B0011,T09,2025-12-10 14:00:00,5.616521874006273,0.0,Completed,0,2025-12-10,RTE000686
C0000515,B0011,T04,2025-12-17 10:00:00,104.6166587691296,406.7250701096863,Completed,1,2025-12-17,RTE000249
C0000516,B0011,T04,2025-12-17 14:00:00,8.784107902369396,0.12655963439199455,Completed,0,2025-12-17,RTE000249
C0000517,B0011,T09,2025-12-24 10:00:00,103.39872943032944,394.68640592106124,Completed,1,2025-12-24,RTE000694
C0000518,B0011,T04,2025-12-24 14:00:00,10.363672633003935,13.525627004909994,Completed,0,2025-12-24,RTE000253
C0000519,B0011,T04,2025-12-31 08:00:00,103.7063727094366,369.8023603059012,Completed,1,2025-12-31,RTE000259
C0000520,B0011,T04,2025-12-31 14:00:00,18.43834491404857,64.86067410606478,Completed,0,2025-12-31,RTE000259
C0000521,B0011,T04,2026-01-07 14:00:00,93.7688158962659,358.0748498829935,Completed,0,2026-01-07,RTE000265
C0000522,B0011,T04,2026-01-14 14:00:00,96.27788692854435,377.57083874128375,Completed,0,2026-01-14,RTE000268
C0000523,B0011,T04,2026-01-21 14:00:00,92.92119443956636,347.5898709544762,Completed,0,2026-01-21,RTE000272
C0000524,B0011,T04,2026-01-28 14:00:00,98.54740330969031,361.71537809801094,Completed,0,2026-01-28,RTE000274
C0000525,B0011,T04,2026-02-04 14:00:00,100.54429224119703,396.532161723298,Completed,0,2026-02-04,RTE000276
C0000526,B0011,T04,2026-02-11 14:00:00,93.56943707762075,366.4704389891398,Completed,0,2026-02-11,RTE000279
C0000527,B0011,T04,2026-02-18 14:00:00,93.96072470343503,357.02195402941777,Completed,0,2026-02-18,RTE000283
C0000528,B0011,T09,2026-02-25 14:00:00,96.30488873680821,365.97734924367853,Completed,0,2026-02-25,RTE000726
C0000529,B0011,T04,2026-03-04 14:00:00,98.05552669697573,387.23083348620787,Completed,0,2026-03-04,RTE000291
C0000530,B0011,T04,2026-03-11 14:00:00,96.0235312371832,351.20562494671105,Completed,0,2026-03-11,RTE000294
C0000531,B0011,T09,2026-03-18 14:00:00,102.57048516866875,387.3152166203955,Completed,0,2026-03-18,RTE000738
C0000532,B0011,T09,2026-03-25 19:00:00,103.30298819493122,391.1883863687682,Completed,1,2026-03-25,RTE000743
C0000533,B0011,T09,2026-04-01 14:00:00,96.0816536539121,382.29320608905635,Completed,0,2026-04-01,RTE000746
C0000534,B0011,T04,2026-04-08 14:00:00,97.04646452791751,352.3944261752875,Completed,0,2026-04-08,RTE000306
C0000535,B0011,T04,2026-04-15 08:00:00,103.5804947266584,390.12159842991525,Completed,1,2026-04-15,RTE000311
C0000536,B0011,T04,2026-04-15 14:00:00,12.950889641053642,10.084034545172885,Completed,0,2026-04-15,RTE000311
C0000537,B0011,T09,2026-04-22 12:00:00,103.23464565098423,389.42066418142855,Completed,1,2026-04-22,RTE000755
C0000538,B0011,T04,2026-04-22 14:00:00,9.380378790305269,5.695137103157089,Completed,0,2026-04-22,RTE000315
C0000539,B0011,T04,2026-04-29 15:00:00,104.24423751251513,400.75311727149756,Completed,1,2026-04-29,RTE000317
C0000540,B0011,T09,2026-05-06 13:00:00,103.95952276720752,411.56402213235094,Completed,1,2026-05-06,RTE000764
C0000541,B0011,T09,2026-05-06 14:00:00,3.891777504612707,0.0,Completed,0,2026-05-06,RTE000764
C0000542,B0011,T09,2026-05-13 11:00:00,103.85460242358211,382.58276638341135,Completed,1,2026-05-13,RTE000768
C0000543,B0011,T04,2026-05-13 14:00:00,12.808202109066707,29.776070614578938,Completed,0,2026-05-13,RTE000322
C0000544,B0011,T04,2026-05-20 14:00:00,102.44259109954923,385.4263322860138,Completed,0,2026-05-20,RTE000325
C0000545,B0011,T04,2026-05-27 14:00:00,105.19535770313733,393.7118576526406,Completed,0,2026-05-27,RTE000327
C0000546,B0011,T04,2026-06-03 14:00:00,104.48279303880854,413.79574619109735,Completed,1,2026-06-03,RTE000331
C0000547,B0011,T09,2026-06-10 14:00:00,99.19412991541796,377.97880979358325,Completed,0,2026-06-10,RTE000783
C0000548,B0011,T04,2026-06-17 13:00:00,103.6182674868951,406.59998081364944,Completed,1,2026-06-17,RTE000337
C0000549,B0011,T04,2026-06-24 14:00:00,100.86102052197394,371.9732988815384,Completed,0,2026-06-24,RTE000340
C0000550,B0011,T09,2026-07-01 13:00:00,103.07587899640313,380.01767819455927,Completed,1,2026-07-01,RTE000797
C0000551,B0011,T09,2026-07-01 14:00:00,10.795571463780771,10.895390676630283,Completed,0,2026-07-01,RTE000797
C0000552,B0011,T09,2026-07-08 14:00:00,102.42279870421804,387.18985450268656,Completed,0,2026-07-08,RTE000801
C0000553,B0011,T04,2026-07-15 14:00:00,103.66223091326707,400.03542889620263,Completed,1,2026-07-15,RTE000351
C0000554,B0011,T09,2026-07-22 14:00:00,99.6120886208748,375.46684372874046,Completed,0,2026-07-22,RTE000809
C0000555,B0011,T04,2026-07-29 18:00:00,103.20235631318194,397.0813053710939,Completed,1,2026-07-29,RTE000357
C0000556,B0012,T07,2025-08-05 12:00:00,85.33747377124239,378.46840679548376,Completed,0,2025-08-05,RTE000488
C0000557,B0012,T07,2025-08-12 12:00:00,76.54822861050327,329.4191779221621,Completed,0,2025-08-12,RTE000490
C0000558,B0012,T02,2025-08-19 12:00:00,79.1366816847153,372.911629941595,Completed,0,2025-08-19,RTE000060
C0000559,B0012,T07,2025-08-26 12:00:00,71.78155669372074,313.99670391991924,Completed,0,2025-08-26,RTE000492
C0000560,B0012,T07,2025-09-02 12:00:00,78.07405196210418,358.7562737346963,Completed,0,2025-09-02,RTE000495
C0000561,B0012,T07,2025-09-09 12:00:00,73.79806418410284,329.4573592212609,Completed,0,2025-09-09,RTE000498
C0000562,B0012,T02,2025-09-16 12:00:00,74.38553943931451,334.7021976296598,Completed,0,2025-09-16,RTE000063
C0000563,B0012,T07,2025-09-23 12:00:00,73.808902845867,313.9019880915817,Completed,0,2025-09-23,RTE000500
C0000564,B0012,T02,2025-10-02 14:00:00,103.19114829847908,487.3877561832136,Completed,1,2025-10-02,RTE000066
C0000565,B0012,T07,2025-10-07 12:00:00,50.37281401732099,202.68472162313512,Completed,0,2025-10-07,RTE000503
C0000566,B0012,T07,2025-10-14 12:00:00,79.37473641101438,338.5949145448952,Completed,0,2025-10-14,RTE000504
C0000567,B0012,T07,2025-10-21 12:00:00,81.79505699339506,365.54921496957746,Completed,0,2025-10-21,RTE000505
C0000568,B0012,T07,2025-10-28 12:00:00,75.95353023460638,350.89958146602584,Completed,0,2025-10-28,RTE000508
C0000569,B0012,T07,2025-11-04 12:00:00,75.09329091984056,332.95100639964147,Completed,0,2025-11-04,RTE000510
C0000570,B0012,T07,2025-11-13 14:00:00,103.63305415613915,493.0663196847285,Completed,1,2025-11-13,RTE000513
C0000571,B0012,T02,2025-11-23 21:00:00,103.14658150787972,490.67206933001677,Completed,1,2025-11-23,RTE000074
C0000572,B0012,T02,2025-11-25 12:00:00,19.98986118758139,62.152932922174315,Completed,0,2025-11-25,RTE000075
C0000573,B0012,T07,2025-12-04 13:00:00,104.93695847691413,495.43994138937745,Completed,1,2025-12-04,RTE000517
C0000574,B0012,T07,2025-12-13 19:00:00,103.03965076293038,455.8157163056861,Completed,1,2025-12-13,RTE000519
C0000575,B0012,T02,2025-12-16 12:00:00,33.7853146777178,134.92554040627238,Completed,0,2025-12-16,RTE000078
C0000576,B0012,T07,2025-12-23 12:00:00,81.66367510032586,376.760151997908,Completed,0,2025-12-23,RTE000521
C0000577,B0012,T07,2025-12-30 12:00:00,80.26655210374165,311.4949572823991,Completed,0,2025-12-30,RTE000522
C0000578,B0012,T07,2026-01-08 00:00:00,104.02475152811488,458.9375910402751,Completed,1,2026-01-08,RTE000524
C0000579,B0012,T02,2026-01-17 14:00:00,103.34374128479016,476.92462137429914,Completed,1,2026-01-17,RTE000086
C0000580,B0012,T07,2026-01-28 04:00:00,104.51517200214275,471.0399462203831,Completed,1,2026-01-28,RTE000528
C0000581,B0012,T07,2026-02-03 12:00:00,67.69639502035206,312.8031707615296,Completed,0,2026-02-03,RTE000529
C0000582,B0012,T02,2026-02-13 13:00:00,103.04969711633044,453.75491280865896,Completed,1,2026-02-13,RTE000091
C0000583,B0012,T07,2026-02-17 12:00:00,43.243259034983595,157.54344205085127,Completed,0,2026-02-17,RTE000532
C0000584,B0012,T02,2026-02-24 12:00:00,79.14837828705485,351.3795747552254,Completed,0,2026-02-24,RTE000092
C0000585,B0012,T07,2026-03-03 12:00:00,75.69315478240954,333.09113379275493,Completed,0,2026-03-03,RTE000536
C0000586,B0012,T07,2026-03-10 12:00:00,76.15321677238515,331.5445449911044,Completed,0,2026-03-10,RTE000539
C0000587,B0012,T07,2026-03-19 18:00:00,103.62513954677715,465.15702375505464,Completed,1,2026-03-19,RTE000540
C0000588,B0012,T07,2026-03-24 12:00:00,50.830862572878246,216.8302423536199,Completed,0,2026-03-24,RTE000541
C0000589,B0012,T07,2026-03-31 12:00:00,76.2886249353551,337.0019838728083,Completed,0,2026-03-31,RTE000543
C0000590,B0012,T02,2026-04-07 12:00:00,77.96685394948368,331.3605851608581,Completed,0,2026-04-07,RTE000098
C0000591,B0012,T02,2026-04-14 12:00:00,81.30494886726967,349.3607622617778,Completed,0,2026-04-14,RTE000100
C0000592,B0012,T02,2026-04-23 10:00:00,103.34587214411901,488.2477960976207,Completed,1,2026-04-23,RTE000102
C0000593,B0012,T02,2026-04-28 12:00:00,52.02999269531205,226.1264573182113,Completed,0,2026-04-28,RTE000104
C0000594,B0012,T07,2026-05-05 12:00:00,80.1421387475564,349.09447610077035,Completed,0,2026-05-05,RTE000548
C0000595,B0012,T07,2026-05-12 12:00:00,80.53002647077601,342.57694341271554,Completed,0,2026-05-12,RTE000549
C0000596,B0012,T02,2026-05-19 12:00:00,81.95279208123735,386.3059495438958,Completed,0,2026-05-19,RTE000109
C0000597,B0012,T07,2026-05-26 12:00:00,75.68491190563624,339.7689939186149,Completed,0,2026-05-26,RTE000552
C0000598,B0012,T07,2026-06-02 12:00:00,77.98236124073561,345.27151532413984,Completed,0,2026-06-02,RTE000554
C0000599,B0012,T07,2026-06-09 12:00:00,79.09944268926633,341.39085120591,Completed,0,2026-06-09,RTE000555
C0000600,B0012,T02,2026-06-18 06:00:00,103.37735422010599,455.5695890877897,Completed,1,2026-06-18,RTE000113
C0000601,B0012,T02,2026-06-23 12:00:00,61.331038596951934,284.55080185469905,Completed,0,2026-06-23,RTE000114
C0000602,B0012,T07,2026-06-30 12:00:00,75.53860460684807,322.6160493955008,Completed,0,2026-06-30,RTE000559
C0000603,B0012,T02,2026-07-07 12:00:00,79.59069269184106,370.85138058757553,Completed,0,2026-07-07,RTE000117
C0000604,B0012,T07,2026-07-14 12:00:00,74.5927579667197,316.8253643423336,Completed,0,2026-07-14,RTE000562
C0000605,B0012,T02,2026-07-21 12:00:00,80.05890650706321,354.9799297000077,Completed,0,2026-07-21,RTE000119
C0000606,B0012,T07,2026-07-28 12:00:00,77.56437294265557,332.99208146652956,Completed,0,2026-07-28,RTE000566
C0000607,B0013,T09,2025-08-06 23:00:00,103.02159679289518,311.7995992366236,Completed,1,2025-08-06,RTE000620
C0000608,B0013,T09,2025-08-07 16:00:00,19.711190740978957,45.193825923261876,Completed,0,2025-08-07,RTE000621
C0000609,B0013,T09,2025-08-14 16:00:00,81.98027625773429,243.8763034922466,Completed,0,2025-08-14,RTE000627
C0000610,B0013,T09,2025-08-25 14:00:00,107.39083768849997,327.0586672997701,Completed,1,2025-08-25,RTE000631
C0000611,B0013,T09,2025-08-28 16:00:00,44.99677018144629,135.43082878851965,Completed,0,2025-08-28,RTE000634
C0000612,B0013,T09,2025-09-08 16:00:00,103.17008688642302,316.40209162909474,Completed,1,2025-09-08,RTE000640
C0000613,B0013,T09,2025-09-11 16:00:00,49.67160627074414,135.99479772708625,Completed,0,2025-09-11,RTE000642
C0000614,B0013,T09,2025-09-18 16:00:00,83.70824768834807,269.5964536909555,Completed,0,2025-09-18,RTE000646
C0000615,B0013,T09,2025-09-29 08:00:00,103.36522848320735,310.07165272242014,Completed,1,2025-09-29,RTE000651
C0000616,B0013,T09,2025-10-08 01:00:00,103.24818606272275,320.4993174646578,Completed,1,2025-10-08,RTE000655
C0000617,B0013,T04,2025-10-16 09:00:00,103.01810974248613,324.99783970519024,Completed,1,2025-10-16,RTE000212
C0000618,B0013,T04,2025-10-16 16:00:00,10.673496254577959,25.765552746880996,Completed,0,2025-10-16,RTE000212
C0000619,B0013,T04,2025-10-23 16:00:00,70.91022427494097,212.8643264542508,Completed,0,2025-10-23,RTE000217
C0000620,B0013,T09,2025-11-02 12:00:00,103.2959418812257,324.68575210232297,Completed,1,2025-11-02,RTE000666
C0000621,B0013,T04,2025-11-06 16:00:00,62.00961871499373,197.58296636881744,Completed,0,2025-11-06,RTE000224
C0000622,B0013,T04,2025-11-13 16:00:00,80.04408541109443,232.71454104490368,Completed,0,2025-11-13,RTE000227
C0000623,B0013,T04,2025-11-20 16:00:00,87.71090290465976,270.89965284820386,Completed,0,2025-11-20,RTE000233
C0000624,B0013,T04,2025-11-29 13:00:00,103.25156383684096,320.00488970591755,Completed,1,2025-11-29,RTE000241
C0000625,B0013,T09,2025-12-04 16:00:00,66.58320699159226,207.60137160329293,Completed,0,2025-12-04,RTE000683
C0000626,B0013,T09,2025-12-11 16:00:00,84.86172154696618,250.25190226243106,Completed,0,2025-12-11,RTE000687
C0000627,B0013,T09,2025-12-18 16:00:00,90.03024861506597,287.6971865026051,Completed,0,2025-12-18,RTE000692
C0000628,B0013,T04,2025-12-29 03:00:00,103.1192751223698,313.946350496203,Completed,1,2025-12-29,RTE000257
C0000629,B0013,T04,2026-01-01 16:00:00,57.54002701659204,165.24396793719876,Completed,0,2026-01-01,RTE000260
C0000630,B0013,T09,2026-01-12 08:00:00,103.35816238710184,325.6316970230421,Completed,1,2026-01-12,RTE000700
C0000631,B0013,T04,2026-01-21 05:00:00,103.65029311427023,331.3446858025451,Completed,1,2026-01-21,RTE000272
C0000632,B0013,T09,2026-01-29 16:00:00,92.6315166503658,298.5369643216312,Completed,0,2026-01-29,RTE000710
C0000633,B0013,T04,2026-02-05 16:00:00,75.76956738875198,220.59962432842582,Completed,0,2026-02-05,RTE000277
C0000634,B0013,T09,2026-02-12 16:00:00,82.39806280921891,247.99574973654967,Completed,0,2026-02-12,RTE000719
C0000635,B0013,T04,2026-02-19 16:00:00,82.21833186978047,257.3532351256846,Completed,0,2026-02-19,RTE000284
C0000636,B0013,T04,2026-02-26 16:00:00,78.48250175538716,231.05774076782916,Completed,0,2026-02-26,RTE000287
C0000637,B0013,T09,2026-03-05 16:00:00,83.57950206758626,255.75718235337405,Completed,0,2026-03-05,RTE000730
C0000638,B0013,T04,2026-03-12 16:00:00,80.16522549610883,258.0981107888805,Completed,0,2026-03-12,RTE000295
C0000639,B0013,T04,2026-03-19 16:00:00,79.08101612083348,245.42949792613143,Completed,0,2026-03-19,RTE000297
C0000640,B0013,T09,2026-03-30 07:00:00,104.26332707238186,319.2379858773406,Completed,1,2026-03-30,RTE000744
C0000641,B0013,T04,2026-04-02 16:00:00,59.87305195265784,146.96754359892776,Completed,0,2026-04-02,RTE000305
C0000642,B0013,T09,2026-04-09 16:00:00,92.52275069366081,270.84650819850924,Completed,0,2026-04-09,RTE000751
C0000643,B0013,T04,2026-04-16 16:00:00,80.35590601592398,242.20326932804187,Completed,0,2026-04-16,RTE000312
C0000644,B0013,T04,2026-04-25 12:00:00,103.09162456202756,324.7077111700407,Completed,1,2026-04-25,RTE000316
C0000645,B0013,T09,2026-05-05 17:00:00,103.40575626944006,319.59522201546935,Completed,1,2026-05-05,RTE000763
C0000646,B0013,T09,2026-05-07 16:00:00,35.791436138788704,93.54366936203375,Completed,0,2026-05-07,RTE000765
C0000647,B0013,T09,2026-05-14 16:00:00,85.4610218273496,268.381437703151,Completed,0,2026-05-14,RTE000769
C0000648,B0013,T09,2026-05-21 16:00:00,83.79974834902043,259.8925938602111,Completed,0,2026-05-21,RTE000773
C0000649,B0013,T09,2026-05-28 16:00:00,83.93106675177872,261.79047729452265,Completed,0,2026-05-28,RTE000778
C0000650,B0013,T04,2026-06-04 16:00:00,83.30818201553201,252.59409596541062,Completed,0,2026-06-04,RTE000332
C0000651,B0013,T04,2026-06-11 16:00:00,85.14589120038856,269.5623969792334,Completed,0,2026-06-11,RTE000335
C0000652,B0013,T09,2026-06-22 12:00:00,103.92798795792801,311.9445895160928,Completed,1,2026-06-22,RTE000791
C0000653,B0013,T09,2026-06-25 16:00:00,57.62105318071578,171.6534209292338,Completed,0,2026-06-25,RTE000794
C0000654,B0013,T04,2026-07-04 06:00:00,103.20733967317123,318.7708049490485,Completed,1,2026-07-04,RTE000346
C0000655,B0013,T04,2026-07-09 16:00:00,64.23922465530745,183.11061739089163,Completed,0,2026-07-09,RTE000348
C0000656,B0013,T09,2026-07-16 16:00:00,78.46139374774566,252.08139786129868,Completed,0,2026-07-16,RTE000806
C0000657,B0013,T09,2026-07-27 05:00:00,103.69312613303437,327.07545841693025,Completed,1,2026-07-27,RTE000812
C0000658,B0013,T04,2026-07-30 16:00:00,57.788916953537615,169.71318119311888,Completed,0,2026-07-30,RTE000358
C0000659,B0014,T05,2025-08-08 22:00:00,103.82517919703345,531.5240626692829,Completed,1,2025-08-08,RTE000360
C0000660,B0014,T05,2025-08-16 11:00:00,73.63990911647586,350.4491486182237,Completed,0,2025-08-16,RTE000362
C0000661,B0014,T05,2025-08-23 11:00:00,70.70176499981883,340.7120022834893,Completed,0,2025-08-23,RTE000365
C0000662,B0014,T10,2025-08-30 11:00:00,71.64979441279539,340.3918152167878,Completed,0,2025-08-30,RTE000817
C0000663,B0014,T05,2025-09-06 11:00:00,72.16509835703746,357.7334041013358,Completed,0,2025-09-06,RTE000369
C0000664,B0014,T05,2025-09-13 11:00:00,68.15204199118024,355.29768210152383,Completed,0,2025-09-13,RTE000372
C0000665,B0014,T05,2025-09-20 11:00:00,63.75968342996976,315.77194772780666,Completed,0,2025-09-20,RTE000374
C0000666,B0014,T10,2025-09-27 11:00:00,65.70541351301253,329.0057206981566,Completed,0,2025-09-27,RTE000818
C0000667,B0014,T05,2025-10-04 11:00:00,69.04259802029074,346.9502863872789,Completed,0,2025-10-04,RTE000378
C0000668,B0014,T10,2025-10-11 11:00:00,68.3206246745373,353.6292212346911,Completed,0,2025-10-11,RTE000823
C0000669,B0014,T10,2025-10-18 11:00:00,65.396673462416,299.7453971797532,Completed,0,2025-10-18,RTE000825
C0000670,B0014,T10,2025-10-29 00:00:00,103.06161871113969,515.4934541954369,Completed,1,2025-10-29,RTE000826
C0000671,B0014,T10,2025-11-07 21:00:00,103.54157362074565,527.0866807755672,Completed,1,2025-11-07,RTE000829
C0000672,B0014,T10,2025-11-08 11:00:00,9.75291139879464,16.011259894738593,Completed,0,2025-11-08,RTE000830
C0000673,B0014,T10,2025-11-19 03:00:00,103.14366296018507,535.4765115941373,Completed,1,2025-11-19,RTE000832
C0000674,B0014,T05,2025-11-22 11:00:00,38.026768196041466,164.79558389116883,Completed,0,2025-11-22,RTE000385
C0000675,B0014,T05,2025-12-03 02:00:00,103.54963800606085,536.5229825125922,Completed,1,2025-12-03,RTE000388
C0000676,B0014,T05,2025-12-06 11:00:00,39.8530681684541,164.67460725967652,Completed,0,2025-12-06,RTE000389
C0000677,B0014,T05,2025-12-13 11:00:00,76.89350621651158,371.054422477968,Completed,0,2025-12-13,RTE000393
C0000678,B0014,T10,2025-12-20 11:00:00,74.62732371785616,359.75538201610317,Completed,0,2025-12-20,RTE000836
C0000679,B0014,T05,2025-12-27 11:00:00,76.56063735230133,383.0108711024677,Completed,0,2025-12-27,RTE000395
C0000680,B0014,T05,2026-01-03 11:00:00,71.48810584548383,348.20965675507136,Completed,0,2026-01-03,RTE000397
C0000681,B0014,T05,2026-01-10 11:00:00,67.27518110087458,323.4176800259123,Completed,0,2026-01-10,RTE000398
C0000682,B0014,T05,2026-01-17 11:00:00,67.97811980378036,323.9778547583559,Completed,0,2026-01-17,RTE000400
C0000683,B0014,T05,2026-01-28 11:00:00,103.12969570882879,539.6586905646981,Completed,1,2026-01-28,RTE000401
C0000684,B0014,T05,2026-01-31 11:00:00,31.006967194185027,127.44467933192,Completed,0,2026-01-31,RTE000403
C0000685,B0014,T05,2026-02-07 11:00:00,68.62974384046339,329.98235221680727,Completed,0,2026-02-07,RTE000406
C0000686,B0014,T10,2026-02-14 11:00:00,69.30992649674468,349.2670153190124,Completed,0,2026-02-14,RTE000846
C0000687,B0014,T10,2026-02-21 11:00:00,65.53929718384384,311.91831280273783,Completed,0,2026-02-21,RTE000847
C0000688,B0014,T10,2026-02-28 11:00:00,68.37150587161067,349.47442562558706,Completed,0,2026-02-28,RTE000850
C0000689,B0014,T10,2026-03-11 16:00:00,103.08607009242763,529.0192081723575,Completed,1,2026-03-11,RTE000852
C0000690,B0014,T05,2026-03-21 11:00:00,94.10910153658143,455.31197963120906,Completed,0,2026-03-21,RTE000414
C0000691,B0014,T05,2026-03-28 11:00:00,72.4628159189669,328.0832732849368,Completed,0,2026-03-28,RTE000415
C0000692,B0014,T10,2026-04-04 11:00:00,74.73354399088713,363.17739025767384,Completed,0,2026-04-04,RTE000855
C0000693,B0014,T10,2026-04-11 11:00:00,72.2294249626349,336.1348419819032,Completed,0,2026-04-11,RTE000857
C0000694,B0014,T10,2026-04-18 11:00:00,75.16314803520869,368.86216068504535,Completed,0,2026-04-18,RTE000860
C0000695,B0014,T05,2026-04-25 11:00:00,71.49594393142083,371.731847398976,Completed,0,2026-04-25,RTE000419
C0000696,B0014,T05,2026-05-06 11:00:00,103.04229900809365,539.2651058810658,Completed,1,2026-05-06,RTE000422
C0000697,B0014,T10,2026-05-09 11:00:00,34.06260177542068,139.01586847860526,Completed,0,2026-05-09,RTE000865
C0000698,B0014,T05,2026-05-19 23:00:00,103.06516194880697,517.033867889642,Completed,1,2026-05-19,RTE000424
C0000699,B0014,T10,2026-05-23 11:00:00,42.17172098203728,199.49782213085678,Completed,0,2026-05-23,RTE000867
C0000700,B0014,T05,2026-06-03 08:00:00,103.16106389003777,506.1366503555652,Completed,1,2026-06-03,RTE000427
C0000701,B0014,T05,2026-06-06 11:00:00,41.81770074502412,206.36749506235606,Completed,0,2026-06-06,RTE000428
C0000702,B0014,T05,2026-06-13 11:00:00,68.11373248115456,344.7338738236037,Completed,0,2026-06-13,RTE000430
C0000703,B0014,T10,2026-06-20 11:00:00,70.95355332791328,329.7117877944604,Completed,0,2026-06-20,RTE000873
C0000704,B0014,T05,2026-06-27 11:00:00,74.39826979255794,358.236768324637,Completed,0,2026-06-27,RTE000433
C0000705,B0014,T05,2026-07-04 11:00:00,72.11376756142674,341.88274233567626,Completed,0,2026-07-04,RTE000436
C0000706,B0014,T05,2026-07-11 11:00:00,74.19221353698883,372.8212753045931,Completed,0,2026-07-11,RTE000438
C0000707,B0014,T05,2026-07-18 11:00:00,68.53330468402984,329.21452954253374,Completed,0,2026-07-18,RTE000439
C0000708,B0014,T10,2026-07-25 11:00:00,70.83267423860805,297.6340151001343,Completed,0,2026-07-25,RTE000878
C0000709,B0015,T09,2025-08-06 16:00:00,89.26804439766673,367.4427233858994,Completed,0,2025-08-06,RTE000620
C0000710,B0015,T09,2025-08-13 16:00:00,55.3311116202837,211.39482235102142,Completed,0,2025-08-13,RTE000626
C0000711,B0015,T04,2025-08-26 15:00:00,103.1875208831744,406.8792736351015,Completed,1,2025-08-26,RTE000187
C0000712,B0015,T09,2025-08-27 16:00:00,17.0293580888557,33.29024734523117,Completed,0,2025-08-27,RTE000633
C0000713,B0015,T09,2025-09-08 23:00:00,103.11780410920568,430.3414132219788,Completed,1,2025-09-08,RTE000640
C0000714,B0015,T09,2025-09-17 16:00:00,68.47245590191639,286.9796216223108,Completed,0,2025-09-17,RTE000645
C0000715,B0015,T09,2025-09-24 16:00:00,52.678526129723636,214.50340655519065,Completed,0,2025-09-24,RTE000649
C0000716,B0015,T09,2025-10-01 16:00:00,55.63693776508893,213.71714057883838,Completed,0,2025-10-01,RTE000653
C0000717,B0015,T09,2025-10-14 11:00:00,104.2956233937885,414.3987914713217,Completed,1,2025-10-14,RTE000656
C0000718,B0015,T04,2025-10-15 16:00:00,17.13640179531881,38.82035366300189,Completed,0,2025-10-15,RTE000211
C0000719,B0015,T04,2025-10-22 16:00:00,60.580398830874685,244.17795784228076,Completed,0,2025-10-22,RTE000216
C0000720,B0015,T09,2025-10-29 16:00:00,57.08914695127194,209.51796306097552,Completed,0,2025-10-29,RTE000664
C0000721,B0015,T09,2025-11-10 19:00:00,103.058178757722,410.1781422156805,Completed,1,2025-11-10,RTE000672
C0000722,B0015,T09,2025-11-12 16:00:00,22.53925785901449,84.28439201797761,Completed,0,2025-11-12,RTE000674
C0000723,B0015,T04,2025-11-19 16:00:00,56.97758476559074,220.67994420849163,Completed,0,2025-11-19,RTE000232
C0000724,B0015,T04,2025-11-26 16:00:00,60.90611303965171,225.24612889946027,Completed,0,2025-11-26,RTE000238
C0000725,B0015,T04,2025-12-03 16:00:00,63.8547927777652,233.12096661010847,Completed,0,2025-12-03,RTE000243
C0000726,B0015,T04,2025-12-10 16:00:00,66.20125550871566,270.2606996418615,Completed,0,2025-12-10,RTE000246
C0000727,B0015,T09,2025-12-17 16:00:00,60.20046124082806,247.6632304459169,Completed,0,2025-12-17,RTE000691
C0000728,B0015,T04,2025-12-24 16:00:00,60.5489126507213,221.67838128905905,Completed,0,2025-12-24,RTE000253
C0000729,B0015,T04,2025-12-31 16:00:00,67.90431956969752,261.0389332902244,Completed,0,2025-12-31,RTE000259
C0000730,B0015,T09,2026-01-07 16:00:00,57.85854895695156,189.76326114375917,Completed,0,2026-01-07,RTE000698
C0000731,B0015,T09,2026-01-19 22:00:00,103.38990459045692,419.0376516439624,Completed,1,2026-01-19,RTE000703
C0000732,B0015,T09,2026-01-28 16:00:00,69.90247391744704,285.29956269172277,Completed,0,2026-01-28,RTE000709
C0000733,B0015,T04,2026-02-04 16:00:00,54.279418239523515,213.77770625283986,Completed,0,2026-02-04,RTE000276
C0000734,B0015,T09,2026-02-11 16:00:00,55.83657677670101,206.36809474661402,Completed,0,2026-02-11,RTE000718
C0000735,B0015,T09,2026-02-18 16:00:00,59.359853231344005,214.0671146973205,Completed,0,2026-02-18,RTE000722
C0000736,B0015,T04,2026-02-25 16:00:00,60.939093979754354,225.2323847362719,Completed,0,2026-02-25,RTE000286
C0000737,B0015,T09,2026-03-04 16:00:00,60.53374122631578,237.47916113036095,Completed,0,2026-03-04,RTE000729
C0000738,B0015,T09,2026-03-17 13:00:00,103.24088556073023,409.718273674369,Completed,1,2026-03-17,RTE000737
C0000739,B0015,T09,2026-03-18 16:00:00,16.594087729480606,45.559535302646196,Completed,0,2026-03-18,RTE000738
C0000740,B0015,T09,2026-03-31 14:00:00,103.10420830952974,408.3768340350309,Completed,1,2026-03-31,RTE000745
C0000741,B0015,T09,2026-04-01 16:00:00,16.846929866157012,42.41228468135605,Completed,0,2026-04-01,RTE000746
C0000742,B0015,T04,2026-04-08 16:00:00,60.079223334632715,212.08440083023035,Completed,0,2026-04-08,RTE000306
C0000743,B0015,T04,2026-04-20 17:00:00,103.17246530764197,403.67814023194353,Completed,1,2026-04-20,RTE000314
C0000744,B0015,T09,2026-04-22 16:00:00,25.028569605606904,95.63429044556867,Completed,0,2026-04-22,RTE000755
C0000745,B0015,T09,2026-04-29 16:00:00,56.79067124486653,204.1108497514816,Completed,0,2026-04-29,RTE000760
C0000746,B0015,T09,2026-05-11 10:00:00,103.03898052304505,415.6329440148469,Completed,1,2026-05-11,RTE000766
C0000747,B0015,T09,2026-05-13 16:00:00,24.75650625441842,66.09508826791051,Completed,0,2026-05-13,RTE000768
C0000748,B0015,T09,2026-05-25 17:00:00,103.13947515074366,427.3996562312978,Completed,1,2026-05-25,RTE000775
C0000749,B0015,T04,2026-05-27 16:00:00,19.952400808209354,67.18425102550793,Completed,0,2026-05-27,RTE000327
C0000750,B0015,T09,2026-06-03 16:00:00,59.148324908844465,232.48133590766216,Completed,0,2026-06-03,RTE000780
C0000751,B0015,T04,2026-06-10 16:00:00,58.76496845819557,213.136593855079,Completed,0,2026-06-10,RTE000334
C0000752,B0015,T09,2026-06-22 10:00:00,103.17005302240526,430.2404172175687,Completed,1,2026-06-22,RTE000791
C0000753,B0015,T09,2026-06-24 16:00:00,20.63867534370249,68.10409826464296,Completed,0,2026-06-24,RTE000793
C0000754,B0015,T09,2026-07-01 16:00:00,58.60725276298282,230.00765427821452,Completed,0,2026-07-01,RTE000797
C0000755,B0015,T04,2026-07-14 11:00:00,103.35793718929773,410.2582020471093,Completed,1,2026-07-14,RTE000350
C0000756,B0015,T09,2026-07-15 16:00:00,17.375875027887115,58.20637539526057,Completed,0,2026-07-15,RTE000805
C0000757,B0015,T04,2026-07-22 16:00:00,56.89400712097037,220.6941143331085,Completed,0,2026-07-22,RTE000354
C0000758,B0015,T09,2026-07-29 16:00:00,57.92380659331629,230.86456588981295,Completed,0,2026-07-29,RTE000813
C0000759,B0016,T09,2025-08-06 07:00:00,58.84536926007588,459.78355810652636,Completed,0,2025-08-06,RTE000620
C0000760,B0016,T04,2025-08-19 04:00:00,103.08880075006353,856.4338680615481,Completed,1,2025-08-19,RTE000185
C0000761,B0016,T04,2025-08-20 07:00:00,12.802660983587225,42.535533031319716,Completed,0,2025-08-20,RTE000186
C0000762,B0016,T09,2025-08-27 07:00:00,62.6365156029726,503.21887343951647,Completed,0,2025-08-27,RTE000633
C0000763,B0016,T09,2025-09-03 07:00:00,57.46712004457288,471.61463343556284,Completed,0,2025-09-03,RTE000636
C0000764,B0016,T09,2025-09-10 07:00:00,55.71598102106125,423.59132092457276,Completed,0,2025-09-10,RTE000641
C0000765,B0016,T04,2025-09-23 08:00:00,103.60976118529396,826.1002750552257,Completed,1,2025-09-23,RTE000200
C0000766,B0016,T04,2025-09-24 07:00:00,15.483504514730098,81.09084249521042,Completed,0,2025-09-24,RTE000201
C0000767,B0016,T09,2025-10-01 07:00:00,60.241923073672375,479.4774150346695,Completed,0,2025-10-01,RTE000653
C0000768,B0016,T04,2025-10-08 07:00:00,58.978659441665535,430.2298108499488,Completed,0,2025-10-08,RTE000207
C0000769,B0016,T09,2025-10-15 07:00:00,63.305831009522265,411.473190388439,Completed,0,2025-10-15,RTE000657
C0000770,B0016,T09,2025-10-22 07:00:00,70.62571471210136,541.0177005208388,Completed,0,2025-10-22,RTE000660
C0000771,B0016,T09,2025-10-29 07:00:00,61.93903652983891,503.14060500326434,Completed,0,2025-10-29,RTE000664
C0000772,B0016,T04,2025-11-05 07:00:00,58.33386116123359,470.6029643209179,Completed,0,2025-11-05,RTE000223
C0000773,B0016,T04,2025-11-17 20:00:00,103.6287762832855,814.7536422028022,Completed,1,2025-11-17,RTE000230
C0000774,B0016,T04,2025-11-19 07:00:00,20.75133460162967,124.76463995659377,Completed,0,2025-11-19,RTE000232
C0000775,B0016,T04,2025-11-26 07:00:00,62.90405804875145,452.48435612018636,Completed,0,2025-11-26,RTE000238
C0000776,B0016,T09,2025-12-03 07:00:00,67.50573699861786,552.3557402066356,Completed,0,2025-12-03,RTE000682
C0000777,B0016,T04,2025-12-10 07:00:00,60.92744900166939,422.2569016629542,Completed,0,2025-12-10,RTE000246
C0000778,B0016,T09,2025-12-17 07:00:00,70.23494248185614,517.1527741034803,Completed,0,2025-12-17,RTE000691
C0000779,B0016,T04,2025-12-24 07:00:00,68.48752397629556,529.7516512649738,Completed,0,2025-12-24,RTE000253
C0000780,B0016,T04,2026-01-05 14:00:00,104.22456842050438,837.6801817505125,Completed,1,2026-01-05,RTE000263
C0000781,B0016,T04,2026-01-14 07:00:00,73.83736415015825,549.703851853356,Completed,0,2026-01-14,RTE000268
C0000782,B0016,T09,2026-01-26 21:00:00,103.59312527444895,792.007105522251,Completed,1,2026-01-26,RTE000707
C0000783,B0016,T04,2026-01-28 07:00:00,22.47018318535783,111.74373589161628,Completed,0,2026-01-28,RTE000274
C0000784,B0016,T04,2026-02-04 07:00:00,62.10879317334941,510.9343477231271,Completed,0,2026-02-04,RTE000276
C0000785,B0016,T09,2026-02-11 07:00:00,55.36652863709,394.1073526721472,Completed,0,2026-02-11,RTE000718
C0000786,B0016,T09,2026-02-23 20:00:00,103.95477915309586,835.3758523572276,Completed,1,2026-02-23,RTE000724
C0000787,B0016,T09,2026-02-25 07:00:00,18.06651310668698,122.59666451171007,Completed,0,2026-02-25,RTE000726
C0000788,B0016,T09,2026-03-10 08:00:00,103.19987276516791,859.1303113593041,Completed,1,2026-03-10,RTE000733
C0000789,B0016,T09,2026-03-11 07:00:00,11.169078376323972,26.526443703321497,Completed,0,2026-03-11,RTE000734
C0000790,B0016,T09,2026-03-18 07:00:00,62.09379770708987,499.6950338217383,Completed,0,2026-03-18,RTE000738
C0000791,B0016,T04,2026-03-25 07:00:00,57.52692127303073,420.28909539288225,Completed,0,2026-03-25,RTE000299
C0000792,B0016,T09,2026-04-01 07:00:00,63.09038322392312,491.49145683559703,Completed,0,2026-04-01,RTE000746
C0000793,B0016,T04,2026-04-13 20:00:00,103.457968611501,824.2404722199371,Completed,1,2026-04-13,RTE000310
C0000794,B0016,T09,2026-04-22 07:00:00,76.1698679819548,599.7767167668901,Completed,0,2026-04-22,RTE000755
C0000795,B0016,T04,2026-04-29 07:00:00,61.74679271885064,481.09794734708373,Completed,0,2026-04-29,RTE000317
C0000796,B0016,T04,2026-05-06 07:00:00,62.13585423298087,488.56213539170597,Completed,0,2026-05-06,RTE000319
C0000797,B0016,T04,2026-05-13 07:00:00,61.9529402990617,454.3997453285101,Completed,0,2026-05-13,RTE000322
C0000798,B0016,T09,2026-05-25 07:00:00,103.2604172329775,834.6556847238078,Completed,1,2026-05-25,RTE000775
C0000799,B0016,T09,2026-05-27 07:00:00,24.726611929517567,89.3362979456322,Completed,0,2026-05-27,RTE000777
C0000800,B0016,T09,2026-06-03 07:00:00,70.38764046832989,527.6844999166207,Completed,0,2026-06-03,RTE000780
C0000801,B0016,T09,2026-06-15 10:00:00,103.54887386562652,804.7936948956673,Completed,1,2026-06-15,RTE000785
C0000802,B0016,T04,2026-06-17 07:00:00,27.365409277151283,174.80378927917988,Completed,0,2026-06-17,RTE000337
C0000803,B0016,T09,2026-06-29 14:00:00,103.11115443632646,824.0498944695044,Completed,1,2026-06-29,RTE000796
C0000804,B0016,T09,2026-07-01 07:00:00,22.25081938624757,158.78833333868127,Completed,0,2026-07-01,RTE000797
C0000805,B0016,T09,2026-07-14 04:00:00,103.00237852201006,829.7637114101859,Completed,1,2026-07-14,RTE000804
C0000806,B0016,T04,2026-07-15 07:00:00,16.114723863299748,102.66156040176193,Completed,0,2026-07-15,RTE000351
C0000807,B0016,T09,2026-07-22 07:00:00,59.74832653584529,487.18600939196546,Completed,0,2026-07-22,RTE000809
C0000808,B0016,T09,2026-07-29 07:00:00,57.37350137537032,384.0601905798162,Completed,0,2026-07-29,RTE000813
C0000809,B0017,T06,2025-08-05 12:00:00,47.80726582162737,190.68935332869307,Completed,0,2025-08-05,RTE000444
C0000810,B0017,T06,2025-08-12 12:00:00,56.195974641272684,199.21883897673283,Completed,0,2025-08-12,RTE000445
C0000811,B0017,T06,2025-08-24 18:00:00,103.02270596154534,415.9666583534157,Completed,1,2025-08-24,RTE000446
C0000812,B0017,T06,2025-09-02 12:00:00,74.26447949349424,283.87596885546526,Completed,0,2025-09-02,RTE000448
C0000813,B0017,T06,2025-09-09 12:00:00,61.75003240784377,212.311376463755,Completed,0,2025-09-09,RTE000449
C0000814,B0017,T01,2025-09-21 21:00:00,103.2755204396036,426.3248425264757,Completed,1,2025-09-21,RTE000006
C0000815,B0017,T01,2025-09-23 12:00:00,17.3639578696512,63.178844681720555,Completed,0,2025-09-23,RTE000007
C0000816,B0017,T06,2025-09-30 12:00:00,53.87825956801973,203.77435910882693,Completed,0,2025-09-30,RTE000451
C0000817,B0017,T01,2025-10-07 12:00:00,59.18301859732128,215.27831667884908,Completed,0,2025-10-07,RTE000010
C0000818,B0017,T06,2025-10-14 12:00:00,61.176224679066785,234.21015773833778,Completed,0,2025-10-14,RTE000452
C0000819,B0017,T01,2025-10-21 12:00:00,60.388184274789715,252.73982732954522,Completed,0,2025-10-21,RTE000013
C0000820,B0017,T06,2025-10-28 12:00:00,54.43601857753204,217.60119510189895,Completed,0,2025-10-28,RTE000453
C0000821,B0017,T06,2025-11-04 12:00:00,58.277276093430196,212.81782283128916,Completed,0,2025-11-04,RTE000454
C0000822,B0017,T06,2025-11-11 12:00:00,63.4033764885952,266.80566334674006,Completed,0,2025-11-11,RTE000455
C0000823,B0017,T06,2025-11-18 12:00:00,55.84547712123468,222.91886509626954,Completed,0,2025-11-18,RTE000456
C0000824,B0017,T01,2025-11-25 12:00:00,58.360317665213465,240.15874055518614,Completed,0,2025-11-25,RTE000018
C0000825,B0017,T06,2025-12-02 12:00:00,58.46320307459079,245.2646751525122,Completed,0,2025-12-02,RTE000458
C0000826,B0017,T01,2025-12-09 12:00:00,58.25809632484585,238.86363792101065,Completed,0,2025-12-09,RTE000021
C0000827,B0017,T01,2025-12-16 12:00:00,59.18955986219841,234.64326877931882,Completed,0,2025-12-16,RTE000022
C0000828,B0017,T06,2025-12-23 12:00:00,61.37189955563988,225.25260504235393,Completed,0,2025-12-23,RTE000460
C0000829,B0017,T01,2026-01-04 03:00:00,103.15703281416194,412.37512062313476,Completed,1,2026-01-04,RTE000025
C0000830,B0017,T06,2026-01-06 12:00:00,24.573201354291275,88.39337978205508,Completed,0,2026-01-06,RTE000462
C0000831,B0017,T01,2026-01-13 12:00:00,53.84289852973545,193.6381818506047,Completed,0,2026-01-13,RTE000027
C0000832,B0017,T06,2026-01-20 12:00:00,60.08535675619259,240.8242778430153,Completed,0,2026-01-20,RTE000463
C0000833,B0017,T01,2026-01-27 12:00:00,54.81579106202483,229.06181420395703,Completed,0,2026-01-27,RTE000029
C0000834,B0017,T01,2026-02-03 12:00:00,53.79264087717802,208.896444856355,Completed,0,2026-02-03,RTE000032
C0000835,B0017,T06,2026-02-16 21:00:00,103.1879132755114,407.63207745731194,Completed,1,2026-02-16,RTE000465
C0000836,B0017,T01,2026-02-24 12:00:00,63.8250851303514,258.0172437898196,Completed,0,2026-02-24,RTE000034
C0000837,B0017,T01,2026-03-03 12:00:00,56.3368892735997,220.73061139979157,Completed,0,2026-03-03,RTE000036
C0000838,B0017,T06,2026-03-16 14:00:00,103.10314732491106,422.493370564464,Completed,1,2026-03-16,RTE000467
C0000839,B0017,T06,2026-03-17 12:00:00,13.033676738346461,33.513841018008044,Completed,0,2026-03-17,RTE000468
C0000840,B0017,T06,2026-03-24 12:00:00,57.467312806916205,241.77823645157454,Completed,0,2026-03-24,RTE000469
C0000841,B0017,T06,2026-03-31 12:00:00,53.29063218812028,215.30140267733677,Completed,0,2026-03-31,RTE000471
C0000842,B0017,T01,2026-04-07 12:00:00,57.335511703012656,209.6046125750173,Completed,0,2026-04-07,RTE000039
C0000843,B0017,T06,2026-04-14 12:00:00,62.55513239722858,262.67796077852597,Completed,0,2026-04-14,RTE000472
C0000844,B0017,T06,2026-04-21 12:00:00,55.89314684222706,203.33296786175288,Completed,0,2026-04-21,RTE000474
C0000845,B0017,T06,2026-05-03 19:00:00,103.42931044800896,441.446162818124,Completed,1,2026-05-03,RTE000475
C0000846,B0017,T06,2026-05-05 12:00:00,15.324554468758658,31.532577424780172,Completed,0,2026-05-05,RTE000476
C0000847,B0017,T01,2026-05-12 12:00:00,62.80686046890441,250.02118193269268,Completed,0,2026-05-12,RTE000044
C0000848,B0017,T01,2026-05-19 12:00:00,60.35112166828191,225.96653254633506,Completed,0,2026-05-19,RTE000045
C0000849,B0017,T01,2026-05-31 20:00:00,103.82356502417214,410.20076664191066,Completed,1,2026-05-31,RTE000047
C0000850,B0017,T06,2026-06-02 12:00:00,22.65355904376029,77.07242473125761,Completed,0,2026-06-02,RTE000480
C0000851,B0017,T01,2026-06-09 12:00:00,58.2169986134069,214.36607309888294,Completed,0,2026-06-09,RTE000048
C0000852,B0017,T01,2026-06-16 12:00:00,64.0686637428156,237.70053756445006,Completed,0,2026-06-16,RTE000050
C0000853,B0017,T06,2026-06-28 14:00:00,103.1360554138976,432.4777208546759,Completed,1,2026-06-28,RTE000483
C0000854,B0017,T01,2026-06-30 12:00:00,18.554931650736243,61.76564518157747,Completed,0,2026-06-30,RTE000052
C0000855,B0017,T01,2026-07-07 12:00:00,56.76010589783515,225.74256466575767,Completed,0,2026-07-07,RTE000053
C0000856,B0017,T06,2026-07-14 12:00:00,58.63236107278185,229.03043801072423,Completed,0,2026-07-14,RTE000485
C0000857,B0017,T01,2026-07-21 12:00:00,60.31377365435665,253.77637556010606,Completed,0,2026-07-21,RTE000056
C0000858,B0017,T06,2026-07-28 12:00:00,55.71712681729878,205.4545196685419,Completed,0,2026-07-28,RTE000487
C0000859,B0018,T04,2025-08-01 09:00:00,28.406593653573125,158.43249330810949,Completed,0,2025-08-01,RTE000176
C0000860,B0018,T04,2025-08-08 03:00:00,103.00498402345461,719.0096367328534,Completed,1,2025-08-08,RTE000179
C0000861,B0018,T09,2025-08-08 09:00:00,7.061972404158732,35.573925946560394,Completed,0,2025-08-08,RTE000622
C0000862,B0018,T04,2025-08-15 09:00:00,102.1808641802218,690.8562158450322,Completed,0,2025-08-15,RTE000183
C0000863,B0018,T09,2025-08-21 17:00:00,104.19174682382643,707.1967810507477,Completed,1,2025-08-21,RTE000630
C0000864,B0018,T09,2025-08-28 04:00:00,103.09148495638436,713.0343300946118,Completed,1,2025-08-28,RTE000634
C0000865,B0018,T09,2025-09-04 02:00:00,103.22559315055666,702.4786077816916,Completed,1,2025-09-04,RTE000637
C0000866,B0018,T09,2025-09-05 09:00:00,25.23300500661671,115.62623281041618,Completed,0,2025-09-05,RTE000638
C0000867,B0018,T04,2025-09-11 17:00:00,103.04929120795252,703.3944531531083,Completed,1,2025-09-11,RTE000195
C0000868,B0018,T04,2025-09-12 09:00:00,13.876539227982107,38.06372444559606,Completed,0,2025-09-12,RTE000196
C0000869,B0018,T09,2025-09-18 23:00:00,103.12590690757327,700.236739461067,Completed,1,2025-09-18,RTE000646
C0000870,B0018,T04,2025-09-25 20:00:00,104.05579629158292,716.4032873167388,Completed,1,2025-09-25,RTE000202
C0000871,B0018,T04,2025-10-02 14:00:00,103.59333971513043,736.0876908369529,Completed,1,2025-10-02,RTE000205
C0000872,B0018,T04,2025-10-09 10:00:00,103.40998740005702,713.4632153121173,Completed,1,2025-10-09,RTE000208
C0000873,B0018,T04,2025-10-10 09:00:00,19.614011302666604,85.63418168979943,Completed,0,2025-10-10,RTE000209
C0000874,B0018,T09,2025-10-17 00:00:00,105.05797241822381,742.2677598965897,Completed,1,2025-10-17,RTE000659
C0000875,B0018,T04,2025-10-17 09:00:00,6.983256144377946,9.196941788590033,Completed,0,2025-10-17,RTE000213
C0000876,B0018,T09,2025-10-23 20:00:00,104.22166312422165,697.3678271246158,Completed,1,2025-10-23,RTE000661
C0000877,B0018,T04,2025-10-24 09:00:00,14.017354788623399,40.11493168054527,Completed,0,2025-10-24,RTE000218
C0000878,B0018,T04,2025-10-30 19:00:00,104.05352022018653,712.0767496853357,Completed,1,2025-10-30,RTE000220
C0000879,B0018,T09,2025-10-31 09:00:00,12.684353222786529,26.400789757796545,Completed,0,2025-10-31,RTE000665
C0000880,B0018,T09,2025-11-06 06:00:00,103.11251183429854,684.9994089502167,Completed,1,2025-11-06,RTE000669
C0000881,B0018,T09,2025-11-07 09:00:00,25.078149000593026,122.65144555437068,Completed,0,2025-11-07,RTE000670
C0000882,B0018,T09,2025-11-13 15:00:00,103.04217221847718,703.6255620632982,Completed,1,2025-11-13,RTE000675
C0000883,B0018,T04,2025-11-14 09:00:00,16.39953413650195,84.1969188967969,Completed,0,2025-11-14,RTE000228
C0000884,B0018,T09,2025-11-20 22:00:00,103.40736189565575,686.2881180059187,Completed,1,2025-11-20,RTE000677
C0000885,B0018,T09,2025-11-21 09:00:00,13.869235511468661,39.46694362847137,Completed,0,2025-11-21,RTE000678
C0000886,B0018,T04,2025-11-27 16:00:00,103.03181920712939,721.7376985042611,Completed,1,2025-11-27,RTE000239
C0000887,B0018,T04,2025-11-28 09:00:00,12.720752207553687,27.06119913292149,Completed,0,2025-11-28,RTE000240
C0000888,B0018,T09,2025-12-04 14:00:00,104.40316431418194,707.4471108582137,Completed,1,2025-12-04,RTE000683
C0000889,B0018,T09,2025-12-05 09:00:00,18.137475930391687,86.32444121436929,Completed,0,2025-12-05,RTE000684
C0000890,B0018,T09,2025-12-11 15:00:00,103.11520722607833,692.9006151165866,Completed,1,2025-12-11,RTE000687
C0000891,B0018,T09,2025-12-12 09:00:00,18.1859663595274,60.42640535127088,Completed,0,2025-12-12,RTE000688
C0000892,B0018,T09,2025-12-18 11:00:00,103.56587673155329,711.8534061498025,Completed,1,2025-12-18,RTE000692
C0000893,B0018,T09,2025-12-19 09:00:00,19.580967079861736,72.16822301257214,Completed,0,2025-12-19,RTE000693
C0000894,B0018,T09,2025-12-25 07:00:00,103.34462889856954,703.8359176636158,Completed,1,2025-12-25,RTE000695
C0000895,B0018,T04,2025-12-26 09:00:00,26.960622724047806,162.46430784363244,Completed,0,2025-12-26,RTE000255
C0000896,B0018,T09,2026-01-01 15:00:00,104.05968811065559,692.9014134165611,Completed,1,2026-01-01,RTE000697
C0000897,B0018,T09,2026-01-08 11:00:00,103.91037521990927,694.7994408905636,Completed,1,2026-01-08,RTE000699
C0000898,B0018,T04,2026-01-09 09:00:00,20.465197869859086,133.8188381381669,Completed,0,2026-01-09,RTE000266
C0000899,B0018,T04,2026-01-16 09:00:00,98.48549247226237,686.9001612491234,Completed,0,2026-01-16,RTE000270
C0000900,B0018,T09,2026-01-23 09:00:00,101.09552974224884,666.4728270823579,Completed,0,2026-01-23,RTE000705
C0000901,B0018,T09,2026-01-29 19:00:00,104.9916594421879,706.5182932486114,Completed,1,2026-01-29,RTE000710
C0000902,B0018,T09,2026-01-30 09:00:00,14.222149391435835,73.47871843851242,Completed,0,2026-01-30,RTE000711
C0000903,B0018,T09,2026-02-06 13:00:00,104.36468252525756,709.8294972811831,Completed,1,2026-02-06,RTE000716
C0000904,B0018,T04,2026-02-13 09:00:00,101.28802995354962,706.6134283842051,Completed,0,2026-02-13,RTE000281
C0000905,B0018,T09,2026-02-20 09:00:00,102.41797824612706,623.7403592038107,Completed,0,2026-02-20,RTE000723
C0000906,B0018,T09,2026-02-26 14:00:00,103.60734263839805,688.6726709995052,Completed,1,2026-02-26,RTE000727
C0000907,B0018,T04,2026-02-27 09:00:00,18.82186982529926,81.12880759815029,Completed,0,2026-02-27,RTE000288
C0000908,B0018,T04,2026-03-06 01:00:00,103.03986022257622,686.4611355394271,Completed,1,2026-03-06,RTE000293
C0000909,B0018,T09,2026-03-06 09:00:00,12.117032964599627,66.10946193201111,Completed,0,2026-03-06,RTE000731
C0000910,B0018,T09,2026-03-12 21:00:00,104.11675580581121,685.7578422922851,Completed,1,2026-03-12,RTE000735
C0000911,B0018,T04,2026-03-19 16:00:00,106.78458497062815,738.3966708814048,Completed,1,2026-03-19,RTE000297
C0000912,B0018,T09,2026-03-20 09:00:00,13.858937760036822,31.459019179325164,Completed,0,2026-03-20,RTE000740
C0000913,B0018,T04,2026-03-26 20:00:00,103.22937037482932,728.0803184736807,Completed,1,2026-03-26,RTE000300
C0000914,B0018,T04,2026-03-27 09:00:00,8.684824904210707,0.0,Completed,0,2026-03-27,RTE000301
C0000915,B0018,T09,2026-04-02 21:00:00,103.18539286009877,729.0664166663512,Completed,1,2026-04-02,RTE000747
C0000916,B0018,T04,2026-04-09 17:00:00,103.39477748148174,683.9221995453725,Completed,1,2026-04-09,RTE000307
C0000917,B0018,T04,2026-04-10 09:00:00,17.15069609224832,91.4855514795375,Completed,0,2026-04-10,RTE000308
C0000918,B0018,T04,2026-04-16 18:00:00,103.2705492910745,708.5558134941781,Completed,1,2026-04-16,RTE000312
C0000919,B0018,T09,2026-04-23 12:00:00,103.58377612403524,738.7718407609515,Completed,1,2026-04-23,RTE000756
C0000920,B0018,T09,2026-04-24 09:00:00,13.77329484533738,70.86147474253345,Completed,0,2026-04-24,RTE000757
C0000921,B0018,T04,2026-05-01 01:00:00,103.26495037859364,719.2427518172461,Completed,1,2026-05-01,RTE000318
C0000922,B0018,T09,2026-05-07 10:00:00,103.54239937081611,682.1154454050501,Completed,1,2026-05-07,RTE000765
C0000923,B0018,T04,2026-05-08 09:00:00,23.610498268899324,153.27273511343392,Completed,0,2026-05-08,RTE000320
C0000924,B0018,T04,2026-05-15 02:00:00,103.25537232130924,692.8539568097896,Completed,1,2026-05-15,RTE000323
C0000925,B0018,T09,2026-05-15 09:00:00,11.437259866592912,11.588753198277765,Completed,0,2026-05-15,RTE000770
C0000926,B0018,T09,2026-05-21 14:00:00,103.5574398372271,695.6528319605812,Completed,1,2026-05-21,RTE000773
C0000927,B0018,T09,2026-05-22 09:00:00,18.851431161911673,103.95859415200752,Completed,0,2026-05-22,RTE000774
C0000928,B0018,T04,2026-05-28 19:00:00,103.38427855489127,705.9154398117164,Completed,1,2026-05-28,RTE000328
C0000929,B0018,T04,2026-05-29 09:00:00,13.066834588395462,31.70418617371549,Completed,0,2026-05-29,RTE000329
C0000930,B0018,T04,2026-06-04 15:00:00,103.36909985107621,723.9575410902913,Completed,1,2026-06-04,RTE000332
C0000931,B0018,T09,2026-06-05 09:00:00,13.810166529693241,31.019195576018994,Completed,0,2026-06-05,RTE000781
C0000932,B0018,T09,2026-06-11 16:00:00,104.34319921440765,712.0300145509925,Completed,1,2026-06-11,RTE000784
C0000933,B0018,T04,2026-06-12 09:00:00,15.334770487354216,88.38847708630841,Completed,0,2026-06-12,RTE000336
C0000934,B0018,T09,2026-06-18 17:00:00,103.49185552480873,696.6581240271787,Completed,1,2026-06-18,RTE000787
C0000935,B0018,T09,2026-06-19 09:00:00,15.775281185316297,47.83962718730202,Completed,0,2026-06-19,RTE000788
C0000936,B0018,T09,2026-06-25 17:00:00,105.22994826325265,748.2937544167213,Completed,1,2026-06-25,RTE000794
C0000937,B0018,T09,2026-06-26 09:00:00,10.657532437319363,17.516962692956714,Completed,0,2026-06-26,RTE000795
C0000938,B0018,T04,2026-07-02 18:00:00,103.74593505064465,732.340020949398,Completed,1,2026-07-02,RTE000345
C0000939,B0018,T09,2026-07-09 18:00:00,104.65164722012999,705.6786078770176,Completed,1,2026-07-09,RTE000802
C0000940,B0018,T04,2026-07-10 09:00:00,16.319986491952587,69.9572660448642,Completed,0,2026-07-10,RTE000349
C0000941,B0018,T04,2026-07-16 17:00:00,104.32233615512811,710.2126709501686,Completed,1,2026-07-16,RTE000352
C0000942,B0018,T04,2026-07-23 10:00:00,103.31948411703485,684.1745782636573,Completed,1,2026-07-23,RTE000355
C0000943,B0018,T09,2026-07-24 09:00:00,22.663663830256283,144.4331456457673,Completed,0,2026-07-24,RTE000810
C0000944,B0018,T09,2026-07-31 09:00:00,103.34396781212575,690.4515412616364,Completed,1,2026-07-31,RTE000814
C0000945,B0019,T04,2025-08-03 07:00:00,65.14235034435727,403.4140864559044,Completed,0,2025-08-03,RTE000177
C0000946,B0019,T09,2025-08-10 07:00:00,81.29354209646532,475.01017427833665,Completed,0,2025-08-10,RTE000624
C0000947,B0019,T04,2025-08-17 07:00:00,87.37832446967708,537.7993112942011,Completed,0,2025-08-17,RTE000184
C0000948,B0019,T09,2025-08-26 03:00:00,103.37344764238556,639.5727653769594,Completed,1,2025-08-26,RTE000632
C0000949,B0019,T04,2025-08-31 07:00:00,62.541966757600676,369.44899433169877,Completed,0,2025-08-31,RTE000189
C0000950,B0019,T09,2025-09-07 07:00:00,84.17643947627182,506.94830784002505,Completed,0,2025-09-07,RTE000639
C0000951,B0019,T09,2025-09-14 07:00:00,82.96336060543814,475.9000067935411,Completed,0,2025-09-14,RTE000644
C0000952,B0019,T09,2025-09-22 19:00:00,103.51202298149671,634.4848837628489,Completed,1,2025-09-22,RTE000647
C0000953,B0019,T09,2025-09-28 07:00:00,66.1979928450607,369.081898633589,Completed,0,2025-09-28,RTE000650
C0000954,B0019,T09,2025-10-05 07:00:00,89.25348894258279,517.4664963923185,Completed,0,2025-10-05,RTE000654
C0000955,B0019,T04,2025-10-12 07:00:00,87.85804009758813,543.3537698751516,Completed,0,2025-10-12,RTE000210
C0000956,B0019,T04,2025-10-19 07:00:00,83.43053085479492,471.56107229110665,Completed,0,2025-10-19,RTE000214
C0000957,B0019,T09,2025-10-26 07:00:00,89.16186608752878,526.9435000746611,Completed,0,2025-10-26,RTE000662
C0000958,B0019,T04,2025-11-02 07:00:00,87.58119522154017,508.01109886272565,Completed,0,2025-11-02,RTE000221
C0000959,B0019,T09,2025-11-09 07:00:00,90.62101070868358,520.987469689959,Completed,0,2025-11-09,RTE000671
C0000960,B0019,T04,2025-11-16 07:00:00,90.32114112368626,523.5724810065449,Completed,0,2025-11-16,RTE000229
C0000961,B0019,T04,2025-11-23 07:00:00,91.74858751677213,534.8452080824285,Completed,0,2025-11-23,RTE000235
C0000962,B0019,T09,2025-11-30 07:00:00,90.36032129800692,543.3904413886198,Completed,0,2025-11-30,RTE000681
C0000963,B0019,T09,2025-12-07 07:00:00,89.70535430129131,549.9219929543177,Completed,0,2025-12-07,RTE000685
C0000964,B0019,T09,2025-12-14 07:00:00,88.5721805178202,546.4762682035075,Completed,0,2025-12-14,RTE000689
C0000965,B0019,T04,2025-12-21 07:00:00,88.49241458499677,503.9098970609142,Completed,0,2025-12-21,RTE000251
C0000966,B0019,T04,2025-12-28 07:00:00,95.57831416172193,561.7395305786422,Completed,0,2025-12-28,RTE000256
C0000967,B0019,T04,2026-01-04 07:00:00,89.61035247215733,510.9022780289002,Completed,0,2026-01-04,RTE000262
C0000968,B0019,T04,2026-01-11 07:00:00,86.27110925672396,504.04170875843465,Completed,0,2026-01-11,RTE000267
C0000969,B0019,T09,2026-01-18 07:00:00,84.54058116060402,495.2983895655961,Completed,0,2026-01-18,RTE000702
C0000970,B0019,T09,2026-01-25 07:00:00,83.43194297769409,473.5180986321453,Completed,0,2026-01-25,RTE000706
C0000971,B0019,T04,2026-02-01 07:00:00,87.24198367356641,469.98075799443706,Completed,0,2026-02-01,RTE000275
C0000972,B0019,T04,2026-02-08 07:00:00,91.82345686449973,557.1385254842314,Completed,0,2026-02-08,RTE000278
C0000973,B0019,T04,2026-02-17 05:00:00,103.26855640445282,610.2566393468018,Completed,1,2026-02-17,RTE000282
C0000974,B0019,T04,2026-02-22 07:00:00,64.88141811127012,368.2332133212956,Completed,0,2026-02-22,RTE000285
C0000975,B0019,T09,2026-03-01 07:00:00,83.84097718636727,483.0108619002372,Completed,0,2026-03-01,RTE000728
C0000976,B0019,T09,2026-03-09 13:00:00,103.5428445786938,639.2573496714474,Completed,1,2026-03-09,RTE000732
C0000977,B0019,T09,2026-03-15 07:00:00,68.01645308310297,408.1363877186477,Completed,0,2026-03-15,RTE000736
C0000978,B0019,T09,2026-03-22 07:00:00,83.38387574856003,489.42794408123603,Completed,0,2026-03-22,RTE000741
C0000979,B0019,T04,2026-03-30 18:00:00,103.37859188543132,637.352229087827,Completed,1,2026-03-30,RTE000302
C0000980,B0019,T09,2026-04-05 07:00:00,67.66916676336034,388.7685113923839,Completed,0,2026-04-05,RTE000749
C0000981,B0019,T04,2026-04-12 07:00:00,88.71043151938105,550.175303950492,Completed,0,2026-04-12,RTE000309
C0000982,B0019,T09,2026-04-19 07:00:00,83.11337551111791,513.5046778907532,Completed,0,2026-04-19,RTE000753
C0000983,B0019,T09,2026-04-27 19:00:00,103.29797973169026,644.7090950725832,Completed,1,2026-04-27,RTE000758
C0000984,B0019,T09,2026-05-03 07:00:00,67.09362952448586,401.4565460784112,Completed,0,2026-05-03,RTE000762
C0000985,B0019,T04,2026-05-10 07:00:00,87.96977069133783,498.65337889839793,Completed,0,2026-05-10,RTE000321
C0000986,B0019,T09,2026-05-18 03:00:00,103.27819653156591,639.226580391904,Completed,1,2026-05-18,RTE000771
C0000987,B0019,T04,2026-05-24 07:00:00,76.78888248416312,431.09804029688604,Completed,0,2026-05-24,RTE000326
C0000988,B0019,T09,2026-06-01 05:00:00,103.29557091142509,606.1644427713095,Completed,1,2026-06-01,RTE000779
C0000989,B0019,T09,2026-06-09 07:00:00,103.43654583845647,640.844864374212,Completed,1,2026-06-09,RTE000782
C0000990,B0019,T04,2026-06-17 18:00:00,103.58225880889404,610.9594883162024,Completed,1,2026-06-17,RTE000337
C0000991,B0019,T09,2026-06-21 07:00:00,48.896703616203666,279.1122705477631,Completed,0,2026-06-21,RTE000790
C0000992,B0019,T04,2026-06-28 07:00:00,88.13940109895773,544.5983476675752,Completed,0,2026-06-28,RTE000342
C0000993,B0019,T09,2026-07-05 07:00:00,84.80204848269078,496.8316011420198,Completed,0,2026-07-05,RTE000799
C0000994,B0019,T09,2026-07-12 07:00:00,87.46382941073671,513.9859609864958,Completed,0,2026-07-12,RTE000803
C0000995,B0019,T04,2026-07-19 07:00:00,89.05917172360755,518.3882348180514,Completed,0,2026-07-19,RTE000353
C0000996,B0019,T09,2026-07-26 07:00:00,88.58074230310447,453.61453120341946,Completed,0,2026-07-26,RTE000811
C0000997,B0020,T06,2025-08-01 10:00:00,55.83033085117519,257.82624784126375,Completed,0,2025-08-01,RTE000443
C0000998,B0020,T01,2025-08-08 10:00:00,55.48472398208483,224.62222939961813,Completed,0,2025-08-08,RTE000001
C0000999,B0020,T01,2025-08-15 10:00:00,61.870555843437856,273.51489064197835,Completed,0,2025-08-15,RTE000002
C0001000,B0020,T06,2025-08-28 04:00:00,103.45536292144526,465.5978938119097,Completed,1,2025-08-28,RTE000447
C0001001,B0020,T01,2025-08-29 10:00:00,16.376303168464066,39.9941223697083,Completed,0,2025-08-29,RTE000003
C0001002,B0020,T01,2025-09-05 10:00:00,63.07050977795933,268.6110403818157,Completed,0,2025-09-05,RTE000004
C0001003,B0020,T01,2025-09-12 10:00:00,60.23504521520924,272.3357839354808,Completed,0,2025-09-12,RTE000005
C0001004,B0020,T01,2025-09-25 10:00:00,103.0254736402688,462.4354347054979,Completed,1,2025-09-25,RTE000008
C0001005,B0020,T06,2025-09-26 10:00:00,14.525402239129395,29.061155496604375,Completed,0,2025-09-26,RTE000450
C0001006,B0020,T01,2025-10-03 10:00:00,63.278879911364264,264.79042105830706,Completed,0,2025-10-03,RTE000009
C0001007,B0020,T01,2025-10-10 10:00:00,62.334260338837346,284.5265306305781,Completed,0,2025-10-10,RTE000011
C0001008,B0020,T01,2025-10-17 10:00:00,58.438509174827466,260.8334766683354,Completed,0,2025-10-17,RTE000012
C0001009,B0020,T01,2025-10-24 10:00:00,59.18401885535391,261.11255027376995,Completed,0,2025-10-24,RTE000014
C0001010,B0020,T01,2025-10-31 10:00:00,58.814985479533874,255.24482260937538,Completed,0,2025-10-31,RTE000015
C0001011,B0020,T01,2025-11-07 10:00:00,62.03641189442622,251.27139475416553,Completed,0,2025-11-07,RTE000016
C0001012,B0020,T01,2025-11-19 07:00:00,103.28682496605983,469.7376035588041,Completed,1,2025-11-19,RTE000017
C0001013,B0020,T06,2025-11-21 10:00:00,22.885889903443733,44.87370539562808,Completed,0,2025-11-21,RTE000457
C0001014,B0020,T01,2025-11-28 10:00:00,69.81806520093276,252.13156349650376,Completed,0,2025-11-28,RTE000019
C0001015,B0020,T01,2025-12-08 19:00:00,103.2533954127516,478.6115907317214,Completed,1,2025-12-08,RTE000020
C0001016,B0020,T06,2025-12-12 10:00:00,33.8571789918351,91.10445797574887,Completed,0,2025-12-12,RTE000459
C0001017,B0020,T01,2025-12-19 10:00:00,73.68917049844404,324.5912277710431,Completed,0,2025-12-19,RTE000023
C0001018,B0020,T01,2025-12-26 10:00:00,65.32957261559615,274.78076048802177,Completed,0,2025-12-26,RTE000024
C0001019,B0020,T06,2026-01-02 10:00:00,65.42140729814145,285.5722714854133,Completed,0,2026-01-02,RTE000461
C0001020,B0020,T01,2026-01-09 10:00:00,58.189894467696156,264.1164875232141,Completed,0,2026-01-09,RTE000026
C0001021,B0020,T01,2026-01-16 10:00:00,54.44326492625628,215.04441950982334,Completed,0,2026-01-16,RTE000028
C0001022,B0020,T01,2026-01-29 03:00:00,103.44730209582637,463.926451331822,Completed,1,2026-01-29,RTE000030
C0001023,B0020,T01,2026-01-30 10:00:00,16.890246163738627,44.035602846920156,Completed,0,2026-01-30,RTE000031
C0001024,B0020,T01,2026-02-06 10:00:00,60.442868967221926,243.5128862526217,Completed,0,2026-02-06,RTE000033
C0001025,B0020,T06,2026-02-13 10:00:00,62.22993957187175,276.28602654260294,Completed,0,2026-02-13,RTE000464
C0001026,B0020,T01,2026-02-26 14:00:00,103.5626944472735,461.88275662610044,Completed,1,2026-02-26,RTE000035
C0001027,B0020,T06,2026-03-06 10:00:00,67.44345428750337,243.55146073009627,Completed,0,2026-03-06,RTE000466
C0001028,B0020,T01,2026-03-17 18:00:00,103.2652120606697,464.9440526400849,Completed,1,2026-03-17,RTE000037
C0001029,B0020,T01,2026-03-20 10:00:00,26.869832675527018,101.19812489855879,Completed,0,2026-03-20,RTE000038
C0001030,B0020,T06,2026-03-27 10:00:00,59.94661906115495,261.47096776163403,Completed,0,2026-03-27,RTE000470
C0001031,B0020,T01,2026-04-09 01:00:00,103.94551027322683,468.9842278051328,Completed,1,2026-04-09,RTE000040
C0001032,B0020,T01,2026-04-10 10:00:00,16.999718397975183,62.4874523549812,Completed,0,2026-04-10,RTE000041
C0001033,B0020,T06,2026-04-17 10:00:00,61.346417563605925,270.9339615414821,Completed,0,2026-04-17,RTE000473
C0001034,B0020,T01,2026-04-24 10:00:00,60.41277345003261,267.939697423321,Completed,0,2026-04-24,RTE000042
C0001035,B0020,T01,2026-05-01 10:00:00,60.150038101792546,245.75924511096161,Completed,0,2026-05-01,RTE000043
C0001036,B0020,T06,2026-05-08 10:00:00,66.24603666752039,275.71528339226353,Completed,0,2026-05-08,RTE000477
C0001037,B0020,T06,2026-05-15 10:00:00,64.72024273080518,299.9926682045815,Completed,0,2026-05-15,RTE000478
C0001038,B0020,T06,2026-05-28 00:00:00,103.41446588416612,467.00901328472577,Completed,1,2026-05-28,RTE000479
C0001039,B0020,T01,2026-05-29 10:00:00,17.377275139151966,63.94470236806647,Completed,0,2026-05-29,RTE000046
C0001040,B0020,T06,2026-06-05 10:00:00,59.756571757102336,268.7688838300803,Completed,0,2026-06-05,RTE000481
C0001041,B0020,T01,2026-06-12 10:00:00,59.73850355314756,266.5195664776802,Completed,0,2026-06-12,RTE000049
C0001042,B0020,T01,2026-06-24 18:00:00,103.07065143242768,458.60343483355473,Completed,1,2026-06-24,RTE000051
C0001043,B0020,T06,2026-06-26 10:00:00,21.2677933026138,57.5422501607444,Completed,0,2026-06-26,RTE000482
C0001044,B0020,T06,2026-07-08 09:00:00,103.50913340088113,455.05039101219825,Completed,1,2026-07-08,RTE000484
C0001045,B0020,T01,2026-07-10 10:00:00,25.603730472942832,103.61818086563002,Completed,0,2026-07-10,RTE000054
C0001046,B0020,T01,2026-07-17 10:00:00,59.90956524801927,254.9529426388368,Completed,0,2026-07-17,RTE000055
C0001047,B0020,T06,2026-07-24 10:00:00,60.66166083393756,252.15660139399563,Completed,0,2026-07-24,RTE000486
